timestamp_utc,close,return
2016-08-12 00:00:00+00:00,38.51,
2016-08-15 00:00:00+00:00,38.46,-0.0012983641
2016-08-16 00:00:00+00:00,38.38,-0.0020800832
2016-08-17 00:00:00+00:00,38.14,-0.0062532569
2016-08-18 00:00:00+00:00,38.22,0.0020975354
2016-08-19 00:00:00+00:00,38.09,-0.0034013605
2016-08-22 00:00:00+00:00,38.11,0.0005250722
2016-08-23 00:00:00+00:00,37.86,-0.0065599580
2016-08-24 00:00:00+00:00,37.52,-0.0089804543
2016-08-25 00:00:00+00:00,37.51,-0.0002665245
2016-08-26 00:00:00+00:00,37.65,0.0037323380
2016-08-29 00:00:00+00:00,37.29,-0.0095617530
2016-08-30 00:00:00+00:00,37.0,-0.0077768839
2016-08-31 00:00:00+00:00,37.15,0.0040540541
2016-09-01 00:00:00+00:00,36.83,-0.0086137281
2016-09-02 00:00:00+00:00,37.07,0.0065164268
2016-09-06 00:00:00+00:00,37.18,0.0029673591
2016-09-07 00:00:00+00:00,38.56,0.0371167294
2016-09-08 00:00:00+00:00,39.27,0.0184128631
2016-09-09 00:00:00+00:00,38.01,-0.0320855615
2016-09-12 00:00:00+00:00,38.77,0.0199947382
2016-09-13 00:00:00+00:00,39.86,0.0281145215
2016-09-14 00:00:00+00:00,39.96,0.0025087807
2016-09-15 00:00:00+00:00,40.83,0.0217717718
2016-09-16 00:00:00+00:00,40.7,-0.0031839334
2016-09-19 00:00:00+00:00,40.01,-0.0169533170
2016-09-20 00:00:00+00:00,39.69,-0.0079980005
2016-09-21 00:00:00+00:00,40.29,0.0151171580
2016-09-22 00:00:00+00:00,40.49,0.0049640109
2016-09-23 00:00:00+00:00,40.07,-0.0103729316
2016-09-26 00:00:00+00:00,40.34,0.0067382081
2016-09-27 00:00:00+00:00,41.06,0.0178482895
2016-09-28 00:00:00+00:00,40.97,-0.0021919143
2016-09-29 00:00:00+00:00,40.39,-0.0141567000
2016-09-30 00:00:00+00:00,40.97,0.0143599901
2016-10-03 00:00:00+00:00,40.59,-0.0092750793
2016-10-04 00:00:00+00:00,40.78,0.0046809559
2016-10-05 00:00:00+00:00,40.44,-0.0083374203
2016-10-06 00:00:00+00:00,40.18,-0.0064292779
2016-10-07 00:00:00+00:00,39.88,-0.0074664012
2016-10-10 00:00:00+00:00,39.86,-0.0005015045
2016-10-11 00:00:00+00:00,39.19,-0.0168088309
2016-10-12 00:00:00+00:00,39.53,0.0086756826
2016-10-13 00:00:00+00:00,39.2,-0.0083480901
2016-10-14 00:00:00+00:00,39.24,0.0010204082
2016-10-17 00:00:00+00:00,39.48,0.0061162080
2016-10-18 00:00:00+00:00,39.83,0.0088652482
2016-10-19 00:00:00+00:00,40.24,0.0102937484
2016-10-20 00:00:00+00:00,40.09,-0.0037276342
2016-10-21 00:00:00+00:00,44.15,0.1012721377
2016-10-24 00:00:00+00:00,43.87,-0.0063420159
2016-10-25 00:00:00+00:00,43.31,-0.0127649875
2016-10-26 00:00:00+00:00,42.33,-0.0226275687
2016-10-27 00:00:00+00:00,41.69,-0.0151193007
2016-10-28 00:00:00+00:00,41.76,0.0016790597
2016-10-31 00:00:00+00:00,41.66,-0.0023946360
2016-11-01 00:00:00+00:00,41.54,-0.0028804609
2016-11-02 00:00:00+00:00,41.35,-0.0045739047
2016-11-03 00:00:00+00:00,41.19,-0.0038694075
2016-11-04 00:00:00+00:00,40.9,-0.0070405438
2016-11-07 00:00:00+00:00,41.28,0.0092909535
2016-11-08 00:00:00+00:00,41.58,0.0072674419
2016-11-09 00:00:00+00:00,41.26,-0.0076960077
2016-11-10 00:00:00+00:00,40.45,-0.0196316045
2016-11-11 00:00:00+00:00,40.08,-0.0091470952
2016-11-14 00:00:00+00:00,38.81,-0.0316866267
2016-11-15 00:00:00+00:00,38.94,0.0033496522
2016-11-16 00:00:00+00:00,39.07,0.0033384694
2016-11-17 00:00:00+00:00,39.88,0.0207320195
2016-11-18 00:00:00+00:00,40.08,0.0050150451
2016-11-21 00:00:00+00:00,40.63,0.0137225549
2016-11-22 00:00:00+00:00,40.33,-0.0073837066
2016-11-23 00:00:00+00:00,40.05,-0.0069427225
2016-11-25 00:00:00+00:00,40.26,0.0052434457
2016-11-28 00:00:00+00:00,39.96,-0.0074515648
2016-11-29 00:00:00+00:00,39.89,-0.0017517518
2016-11-30 00:00:00+00:00,39.28,-0.0152920531
2016-12-01 00:00:00+00:00,38.34,-0.0239307536
2016-12-02 00:00:00+00:00,38.62,0.0073030777
2016-12-05 00:00:00+00:00,38.99,0.0095805282
2016-12-06 00:00:00+00:00,38.98,-0.0002564760
2016-12-07 00:00:00+00:00,39.45,0.0120574654
2016-12-08 00:00:00+00:00,39.61,0.0040557668
2016-12-09 00:00:00+00:00,39.65,0.0010098460
2016-12-12 00:00:00+00:00,39.43,-0.0055485498
2016-12-13 00:00:00+00:00,39.43,0.0000000000
2016-12-14 00:00:00+00:00,39.55,0.0030433680
2016-12-15 00:00:00+00:00,39.54,-0.0002528445
2016-12-16 00:00:00+00:00,39.32,-0.0055639858
2016-12-19 00:00:00+00:00,39.44,0.0030518820
2016-12-20 00:00:00+00:00,39.74,0.0076064909
2016-12-21 00:00:00+00:00,40.09,0.0088072471
2016-12-22 00:00:00+00:00,39.68,-0.0102269893
2016-12-23 00:00:00+00:00,39.58,-0.0025201613
2016-12-27 00:00:00+00:00,39.72,0.0035371400
2016-12-28 00:00:00+00:00,39.57,-0.0037764350
2016-12-29 00:00:00+00:00,39.96,0.0098559515
2016-12-30 00:00:00+00:00,39.47,-0.0122622623
2017-01-03 00:00:00+00:00,40.25,0.0197618444
2017-01-04 00:00:00+00:00,41.0,0.0186335404
2017-01-05 00:00:00+00:00,41.06,0.0014634146
2017-01-06 00:00:00+00:00,41.45,0.0094982952
2017-01-09 00:00:00+00:00,41.4,-0.0012062726
2017-01-10 00:00:00+00:00,41.08,-0.0077294686
2017-01-11 00:00:00+00:00,41.28,0.0048685492
2017-01-12 00:00:00+00:00,41.56,0.0067829457
2017-01-13 00:00:00+00:00,41.6,0.0009624639
2017-01-17 00:00:00+00:00,41.27,-0.0079326923
2017-01-18 00:00:00+00:00,41.35,0.0019384541
2017-01-19 00:00:00+00:00,41.27,-0.0019347037
2017-01-20 00:00:00+00:00,41.69,0.0101768839
2017-01-23 00:00:00+00:00,41.62,-0.0016790597
2017-01-24 00:00:00+00:00,41.96,0.0081691494
2017-01-25 00:00:00+00:00,41.71,-0.0059580553
2017-01-26 00:00:00+00:00,41.5,-0.0050347638
2017-01-27 00:00:00+00:00,40.27,-0.0296385542
2017-01-30 00:00:00+00:00,39.86,-0.0101812764
2017-01-31 00:00:00+00:00,39.78,-0.0020070246
2017-02-01 00:00:00+00:00,39.31,-0.0118149824
2017-02-02 00:00:00+00:00,39.58,0.0068684813
2017-02-03 00:00:00+00:00,39.59,0.0002526529
2017-02-06 00:00:00+00:00,39.74,0.0037888356
2017-02-07 00:00:00+00:00,40.02,0.0070457977
2017-02-08 00:00:00+00:00,40.88,0.0214892554
2017-02-09 00:00:00+00:00,40.83,-0.0012230920
2017-02-10 00:00:00+00:00,40.58,-0.0061229488
2017-02-13 00:00:00+00:00,41.17,0.0145391819
2017-02-14 00:00:00+00:00,41.62,0.0109302890
2017-02-15 00:00:00+00:00,41.87,0.0060067275
2017-02-16 00:00:00+00:00,42.15,0.0066873657
2017-02-17 00:00:00+00:00,41.96,-0.0045077106
2017-02-21 00:00:00+00:00,42.43,0.0112011439
2017-02-22 00:00:00+00:00,42.42,-0.0002356823
2017-02-23 00:00:00+00:00,42.53,0.0025931165
2017-02-24 00:00:00+00:00,43.07,0.0126969198
2017-02-27 00:00:00+00:00,42.64,-0.0099837474
2017-02-28 00:00:00+00:00,42.0,-0.0150093809
2017-03-01 00:00:00+00:00,42.43,0.0102380952
2017-03-02 00:00:00+00:00,42.77,0.0080131982
2017-03-03 00:00:00+00:00,43.03,0.0060790274
2017-03-06 00:00:00+00:00,42.87,-0.0037183360
2017-03-07 00:00:00+00:00,42.89,0.0004665267
2017-03-08 00:00:00+00:00,42.79,-0.0023315458
2017-03-09 00:00:00+00:00,42.92,0.0030380930
2017-03-10 00:00:00+00:00,42.99,0.0016309413
2017-03-13 00:00:00+00:00,42.59,-0.0093044894
2017-03-14 00:00:00+00:00,42.1,-0.0115050481
2017-03-15 00:00:00+00:00,42.39,0.0068883610
2017-03-16 00:00:00+00:00,42.4,0.0002359047
2017-03-17 00:00:00+00:00,43.08,0.0160377358
2017-03-20 00:00:00+00:00,43.16,0.0018570102
2017-03-21 00:00:00+00:00,42.64,-0.0120481928
2017-03-22 00:00:00+00:00,43.19,0.0128986867
2017-03-23 00:00:00+00:00,43.14,-0.0011576754
2017-03-24 00:00:00+00:00,43.13,-0.0002318034
2017-03-27 00:00:00+00:00,43.08,-0.0011592859
2017-03-28 00:00:00+00:00,43.15,0.0016248839
2017-03-29 00:00:00+00:00,43.24,0.0020857474
2017-03-30 00:00:00+00:00,43.54,0.0069380204
2017-03-31 00:00:00+00:00,43.02,-0.0119430409
2017-04-03 00:00:00+00:00,42.63,-0.0090655509
2017-04-04 00:00:00+00:00,42.72,0.0021111893
2017-04-05 00:00:00+00:00,42.89,0.0039794007
2017-04-06 00:00:00+00:00,42.9,0.0002331546
2017-04-07 00:00:00+00:00,43.04,0.0032634033
2017-04-10 00:00:00+00:00,43.05,0.0002323420
2017-04-11 00:00:00+00:00,42.69,-0.0083623693
2017-04-12 00:00:00+00:00,42.49,-0.0046849379
2017-04-13 00:00:00+00:00,42.55,0.0014120970
2017-04-17 00:00:00+00:00,43.1,0.0129259694
2017-04-18 00:00:00+00:00,43.09,-0.0002320186
2017-04-19 00:00:00+00:00,43.3,0.0048735205
2017-04-20 00:00:00+00:00,43.69,0.0090069284
2017-04-21 00:00:00+00:00,43.81,0.0027466239
2017-04-24 00:00:00+00:00,44.27,0.0104998859
2017-04-25 00:00:00+00:00,44.71,0.0099390106
2017-04-26 00:00:00+00:00,44.41,-0.0067099083
2017-04-27 00:00:00+00:00,47.15,0.0616978158
2017-04-28 00:00:00+00:00,47.72,0.0120890774
2017-05-01 00:00:00+00:00,47.54,-0.0037720034
2017-05-02 00:00:00+00:00,49.05,0.0317627261
2017-05-03 00:00:00+00:00,49.02,-0.0006116208
2017-05-04 00:00:00+00:00,48.91,-0.0022439820
2017-05-05 00:00:00+00:00,49.3,0.0079738295
2017-05-08 00:00:00+00:00,49.17,-0.0026369168
2017-05-09 00:00:00+00:00,49.22,0.0010168802
2017-05-10 00:00:00+00:00,49.79,0.0115806583
2017-05-11 00:00:00+00:00,49.7,-0.0018075919
2017-05-12 00:00:00+00:00,49.37,-0.0066398390
2017-05-15 00:00:00+00:00,49.77,0.0081020863
2017-05-16 00:00:00+00:00,50.34,0.0114526823
2017-05-17 00:00:00+00:00,49.05,-0.0256257449
2017-05-18 00:00:00+00:00,49.11,0.0012232416
2017-05-19 00:00:00+00:00,49.39,0.0057014865
2017-05-22 00:00:00+00:00,49.77,0.0076938652
2017-05-23 00:00:00+00:00,50.13,0.0072332731
2017-05-24 00:00:00+00:00,51.05,0.0183522841
2017-05-25 00:00:00+00:00,50.93,-0.0023506366
2017-05-26 00:00:00+00:00,51.19,0.0051050461
2017-05-30 00:00:00+00:00,51.06,-0.0025395585
2017-05-31 00:00:00+00:00,52.21,0.0225225225
2017-06-01 00:00:00+00:00,53.16,0.0181957479
2017-06-02 00:00:00+00:00,53.52,0.0067720090
2017-06-05 00:00:00+00:00,53.8,0.0052316891
2017-06-06 00:00:00+00:00,53.4,-0.0074349442
2017-06-07 00:00:00+00:00,53.85,0.0084269663
2017-06-08 00:00:00+00:00,54.39,0.0100278552
2017-06-09 00:00:00+00:00,53.4,-0.0182018753
2017-06-12 00:00:00+00:00,52.16,-0.0232209738
2017-06-13 00:00:00+00:00,52.06,-0.0019171779
2017-06-14 00:00:00+00:00,51.9,-0.0030733769
2017-06-15 00:00:00+00:00,52.29,0.0075144509
2017-06-16 00:00:00+00:00,51.84,-0.0086058520
2017-06-19 00:00:00+00:00,52.93,0.0210262346
2017-06-20 00:00:00+00:00,52.52,-0.0077460797
2017-06-21 00:00:00+00:00,53.54,0.0194211729
2017-06-22 00:00:00+00:00,53.87,0.0061636160
2017-06-23 00:00:00+00:00,54.33,0.0085390756
2017-06-26 00:00:00+00:00,53.74,-0.0108595619
2017-06-27 00:00:00+00:00,52.73,-0.0187941943
2017-06-28 00:00:00+00:00,54.39,0.0314811303
2017-06-29 00:00:00+00:00,53.42,-0.0178341607
2017-06-30 00:00:00+00:00,53.67,0.0046798952
2017-07-03 00:00:00+00:00,52.87,-0.0149059065
2017-07-05 00:00:00+00:00,54.61,0.0329109136
2017-07-06 00:00:00+00:00,53.47,-0.0208752976
2017-07-07 00:00:00+00:00,53.97,0.0093510380
2017-07-10 00:00:00+00:00,54.94,0.0179729479
2017-07-11 00:00:00+00:00,54.76,-0.0032763014
2017-07-12 00:00:00+00:00,56.55,0.0326880935
2017-07-13 00:00:00+00:00,57.9,0.0238726790
2017-07-14 00:00:00+00:00,57.16,-0.0127806563
2017-07-17 00:00:00+00:00,57.58,0.0073477957
2017-07-18 00:00:00+00:00,58.96,0.0239666551
2017-07-19 00:00:00+00:00,58.35,-0.0103459973
2017-07-20 00:00:00+00:00,59.09,0.0126820908
2017-07-21 00:00:00+00:00,58.67,-0.0071078017
2017-07-24 00:00:00+00:00,58.58,-0.0015340037
2017-07-25 00:00:00+00:00,58.26,-0.0054626152
2017-07-26 00:00:00+00:00,58.79,0.0090971507
2017-07-27 00:00:00+00:00,60.15,0.0231331859
2017-07-28 00:00:00+00:00,59.2,-0.0157938487
2017-07-31 00:00:00+00:00,58.55,-0.0109797297
2017-08-01 00:00:00+00:00,59.34,0.0134927412
2017-08-02 00:00:00+00:00,59.12,-0.0037074486
2017-08-03 00:00:00+00:00,58.42,-0.0118403248
2017-08-04 00:00:00+00:00,58.86,0.0075316672
2017-08-07 00:00:00+00:00,59.62,0.0129119946
2017-08-08 00:00:00+00:00,59.48,-0.0023482053
2017-08-09 00:00:00+00:00,59.67,0.0031943510
2017-08-10 00:00:00+00:00,58.02,-0.0276520865
2017-08-11 00:00:00+00:00,58.04,0.0003447087
2017-08-14 00:00:00+00:00,59.06,0.0175740868
2017-08-15 00:00:00+00:00,59.69,0.0106671182
2017-08-16 00:00:00+00:00,60.29,0.0100519350
2017-08-17 00:00:00+00:00,59.29,-0.0165864986
2017-08-18 00:00:00+00:00,59.44,0.0025299376
2017-08-21 00:00:00+00:00,59.4,-0.0006729475
2017-08-22 00:00:00+00:00,60.84,0.0242424242
2017-08-23 00:00:00+00:00,60.05,-0.0129848784
2017-08-24 00:00:00+00:00,60.0,-0.0008326395
2017-08-25 00:00:00+00:00,59.97,-0.0005000000
2017-08-28 00:00:00+00:00,60.53,0.0093380023
2017-08-29 00:00:00+00:00,61.01,0.0079299521
2017-08-30 00:00:00+00:00,61.77,0.0124569743
2017-08-31 00:00:00+00:00,61.68,-0.0014570180
2017-09-01 00:00:00+00:00,61.46,-0.0035667964
2017-09-05 00:00:00+00:00,61.27,-0.0030914416
2017-09-06 00:00:00+00:00,61.24,-0.0004896360
2017-09-07 00:00:00+00:00,62.0,0.0124101894
2017-09-08 00:00:00+00:00,61.13,-0.0140322581
2017-09-11 00:00:00+00:00,62.64,0.0247014559
2017-09-12 00:00:00+00:00,62.56,-0.0012771392
2017-09-13 00:00:00+00:00,62.04,-0.0083120205
2017-09-14 00:00:00+00:00,62.24,0.0032237266
2017-09-15 00:00:00+00:00,62.5,0.0041773779
2017-09-18 00:00:00+00:00,62.92,0.0067200000
2017-09-19 00:00:00+00:00,63.83,0.0144628099
2017-09-20 00:00:00+00:00,64.74,0.0142566191
2017-09-21 00:00:00+00:00,64.63,-0.0016991041
2017-09-22 00:00:00+00:00,65.08,0.0069627108
2017-09-25 00:00:00+00:00,63.5,-0.0242778119
2017-09-26 00:00:00+00:00,62.94,-0.0088188976
2017-09-27 00:00:00+00:00,63.33,0.0061963775
2017-09-28 00:00:00+00:00,63.93,0.0094741829
2017-09-29 00:00:00+00:00,64.03,0.0015642109
2017-10-02 00:00:00+00:00,64.18,0.0023426519
2017-10-03 00:00:00+00:00,64.22,0.0006232471
2017-10-04 00:00:00+00:00,64.01,-0.0032700093
2017-10-05 00:00:00+00:00,65.82,0.0282768317
2017-10-06 00:00:00+00:00,66.05,0.0034943786
2017-10-09 00:00:00+00:00,66.23,0.0027252082
2017-10-10 00:00:00+00:00,66.04,-0.0028687906
2017-10-11 00:00:00+00:00,67.78,0.0263476681
2017-10-12 00:00:00+00:00,68.86,0.0159339038
2017-10-13 00:00:00+00:00,68.66,-0.0029044438
2017-10-16 00:00:00+00:00,67.31,-0.0196621031
2017-10-17 00:00:00+00:00,66.67,-0.0095082454
2017-10-18 00:00:00+00:00,67.26,0.0088495575
2017-10-19 00:00:00+00:00,67.25,-0.0001486768
2017-10-20 00:00:00+00:00,70.97,0.0553159851
2017-10-23 00:00:00+00:00,69.8,-0.0164858391
2017-10-24 00:00:00+00:00,70.21,0.0058739255
2017-10-25 00:00:00+00:00,71.02,0.0115368181
2017-10-26 00:00:00+00:00,71.34,0.0045057730
2017-10-27 00:00:00+00:00,71.06,-0.0039248668
2017-10-30 00:00:00+00:00,71.15,0.0012665353
2017-10-31 00:00:00+00:00,72.56,0.0198172874
2017-11-01 00:00:00+00:00,72.38,-0.0024807056
2017-11-02 00:00:00+00:00,72.25,-0.0017960763
2017-11-03 00:00:00+00:00,73.39,0.0157785467
2017-11-06 00:00:00+00:00,74.74,0.0183948767
2017-11-07 00:00:00+00:00,74.41,-0.0044153064
2017-11-08 00:00:00+00:00,74.77,0.0048380594
2017-11-09 00:00:00+00:00,74.1,-0.0089608132
2017-11-10 00:00:00+00:00,73.99,-0.0014844804
2017-11-13 00:00:00+00:00,74.03,0.0005406136
2017-11-14 00:00:00+00:00,74.49,0.0062136971
2017-11-15 00:00:00+00:00,73.43,-0.0142300980
2017-11-16 00:00:00+00:00,77.7,0.0581506196
2017-11-17 00:00:00+00:00,76.38,-0.0169884170
2017-11-20 00:00:00+00:00,76.01,-0.0048442001
2017-11-21 00:00:00+00:00,77.77,0.0231548480
2017-11-22 00:00:00+00:00,77.57,-0.0025716857
2017-11-24 00:00:00+00:00,78.57,0.0128915818
2017-11-27 00:00:00+00:00,77.84,-0.0092910780
2017-11-28 00:00:00+00:00,77.79,-0.0006423433
2017-11-29 00:00:00+00:00,73.25,-0.0583622574
2017-11-30 00:00:00+00:00,75.73,0.0338566553
2017-12-01 00:00:00+00:00,75.3,-0.0056780668
2017-12-04 00:00:00+00:00,70.97,-0.0575033201
2017-12-05 00:00:00+00:00,71.2,0.0032408060
2017-12-06 00:00:00+00:00,73.14,0.0272471910
2017-12-07 00:00:00+00:00,73.69,0.0075198250
2017-12-08 00:00:00+00:00,72.91,-0.0105848826
2017-12-11 00:00:00+00:00,73.29,0.0052119051
2017-12-12 00:00:00+00:00,73.62,0.0045026607
2017-12-13 00:00:00+00:00,74.09,0.0063841347
2017-12-14 00:00:00+00:00,74.26,0.0022945067
2017-12-15 00:00:00+00:00,75.65,0.0187180178
2017-12-18 00:00:00+00:00,75.32,-0.0043621943
2017-12-19 00:00:00+00:00,74.5,-0.0108868826
2017-12-20 00:00:00+00:00,74.0,-0.0067114094
2017-12-21 00:00:00+00:00,74.02,0.0002702703
2017-12-22 00:00:00+00:00,73.89,-0.0017562821
2017-12-26 00:00:00+00:00,74.27,0.0051427798
2017-12-27 00:00:00+00:00,74.59,0.0043086037
2017-12-28 00:00:00+00:00,74.17,-0.0056307816
2017-12-29 00:00:00+00:00,73.62,-0.0074153971
2018-01-02 00:00:00+00:00,73.84,0.0029883184
2018-01-03 00:00:00+00:00,76.75,0.0394095341
2018-01-04 00:00:00+00:00,76.73,-0.0002605863
2018-01-05 00:00:00+00:00,78.7,0.0256744429
2018-01-08 00:00:00+00:00,79.05,0.0044472681
2018-01-09 00:00:00+00:00,79.19,0.0017710310
2018-01-10 00:00:00+00:00,79.37,0.0022730143
2018-01-11 00:00:00+00:00,79.75,0.0047877032
2018-01-12 00:00:00+00:00,80.54,0.0099059561
2018-01-16 00:00:00+00:00,80.42,-0.0014899429
2018-01-17 00:00:00+00:00,82.47,0.0254911714
2018-01-18 00:00:00+00:00,82.94,0.0056990421
2018-01-19 00:00:00+00:00,83.84,0.0108512177
2018-01-22 00:00:00+00:00,83.98,0.0016698473
2018-01-23 00:00:00+00:00,84.21,0.0027387473
2018-01-24 00:00:00+00:00,83.71,-0.0059375371
2018-01-25 00:00:00+00:00,84.34,0.0075259826
2018-01-26 00:00:00+00:00,85.45,0.0131610149
2018-01-29 00:00:00+00:00,84.31,-0.0133411352
2018-01-30 00:00:00+00:00,83.78,-0.0062863243
2018-01-31 00:00:00+00:00,85.32,0.0183814753
2018-02-01 00:00:00+00:00,78.4,-0.0811064229
2018-02-02 00:00:00+00:00,76.57,-0.0233418367
2018-02-05 00:00:00+00:00,74.705,-0.0243567977
2018-02-06 00:00:00+00:00,75.68,0.0130513353
2018-02-07 00:00:00+00:00,75.59,-0.0011892178
2018-02-08 00:00:00+00:00,72.32,-0.0432596904
2018-02-09 00:00:00+00:00,74.75,0.0336006637
2018-02-12 00:00:00+00:00,75.28,0.0070903010
2018-02-13 00:00:00+00:00,74.97,-0.0041179596
2018-02-14 00:00:00+00:00,77.27,0.0306789382
2018-02-15 00:00:00+00:00,78.295,0.0132651741
2018-02-16 00:00:00+00:00,78.37,0.0009579156
2018-02-20 00:00:00+00:00,77.06,-0.0167155799
2018-02-21 00:00:00+00:00,76.51,-0.0071372956
2018-02-22 00:00:00+00:00,77.7,0.0155535224
2018-02-23 00:00:00+00:00,79.69,0.0256113256
2018-02-26 00:00:00+00:00,79.35,-0.0042665328
2018-02-27 00:00:00+00:00,79.46,0.0013862634
2018-02-28 00:00:00+00:00,79.41,-0.0006292474
2018-03-01 00:00:00+00:00,78.64,-0.0096965118
2018-03-02 00:00:00+00:00,78.87,0.0029247202
2018-03-05 00:00:00+00:00,79.07,0.0025358184
2018-03-06 00:00:00+00:00,79.23,0.0020235235
2018-03-07 00:00:00+00:00,79.52,0.0036602297
2018-03-08 00:00:00+00:00,79.87,0.0044014085
2018-03-09 00:00:00+00:00,80.71,0.0105170903
2018-03-12 00:00:00+00:00,80.6,-0.0013629042
2018-03-13 00:00:00+00:00,80.2,-0.0049627792
2018-03-14 00:00:00+00:00,83.31,0.0387780549
2018-03-15 00:00:00+00:00,82.57,-0.0088824871
2018-03-16 00:00:00+00:00,82.16,-0.0049654838
2018-03-19 00:00:00+00:00,80.3,-0.0226387537
2018-03-20 00:00:00+00:00,80.86,0.0069738481
2018-03-21 00:00:00+00:00,81.04,0.0022260698
2018-03-22 00:00:00+00:00,78.56,-0.0306021718
2018-03-23 00:00:00+00:00,76.44,-0.0269857434
2018-03-26 00:00:00+00:00,78.95,0.0328362114
2018-03-27 00:00:00+00:00,76.31,-0.0334388854
2018-03-28 00:00:00+00:00,75.06,-0.0163805530
2018-03-29 00:00:00+00:00,75.87,0.0107913669
2018-04-02 00:00:00+00:00,75.0,-0.0114669830
2018-04-03 00:00:00+00:00,74.56,-0.0058666667
2018-04-04 00:00:00+00:00,74.78,0.0029506438
2018-04-05 00:00:00+00:00,76.95,0.0290184541
2018-04-06 00:00:00+00:00,73.86,-0.0401559454
2018-04-09 00:00:00+00:00,75.19,0.0180070403
2018-04-10 00:00:00+00:00,76.79,0.0212794255
2018-04-11 00:00:00+00:00,76.5,-0.0037765334
2018-04-12 00:00:00+00:00,77.46,0.0125490196
2018-04-13 00:00:00+00:00,77.27,-0.0024528789
2018-04-16 00:00:00+00:00,77.8,0.0068590656
2018-04-17 00:00:00+00:00,80.03,0.0286632391
2018-04-18 00:00:00+00:00,80.34,0.0038735474
2018-04-19 00:00:00+00:00,79.68,-0.0082150859
2018-04-20 00:00:00+00:00,78.73,-0.0119226908
2018-04-23 00:00:00+00:00,78.21,-0.0066048520
2018-04-24 00:00:00+00:00,75.28,-0.0374632400
2018-04-25 00:00:00+00:00,74.0,-0.0170031881
2018-04-26 00:00:00+00:00,76.03,0.0274324324
2018-04-27 00:00:00+00:00,74.13,-0.0249901355
2018-04-30 00:00:00+00:00,74.61,0.0064751113
2018-05-01 00:00:00+00:00,74.81,0.0026806058
2018-05-02 00:00:00+00:00,71.73,-0.0411709664
2018-05-03 00:00:00+00:00,73.45,0.0239788094
2018-05-04 00:00:00+00:00,73.99,0.0073519401
2018-05-07 00:00:00+00:00,74.67,0.0091904311
2018-05-08 00:00:00+00:00,75.72,0.0140618722
2018-05-09 00:00:00+00:00,77.01,0.0170364501
2018-05-10 00:00:00+00:00,79.19,0.0283080119
2018-05-11 00:00:00+00:00,79.2,0.0001262786
2018-05-14 00:00:00+00:00,78.81,-0.0049242424
2018-05-15 00:00:00+00:00,77.79,-0.0129425200
2018-05-16 00:00:00+00:00,77.82,0.0003856537
2018-05-17 00:00:00+00:00,79.19,0.0176047289
2018-05-18 00:00:00+00:00,80.79,0.0202045713
2018-05-21 00:00:00+00:00,81.25,0.0056937740
2018-05-22 00:00:00+00:00,80.62,-0.0077538462
2018-05-23 00:00:00+00:00,81.08,0.0057057802
2018-05-24 00:00:00+00:00,81.55,0.0057967440
2018-05-25 00:00:00+00:00,80.96,-0.0072348253
2018-05-29 00:00:00+00:00,80.73,-0.0028409091
2018-05-30 00:00:00+00:00,81.6,0.0107766630
2018-05-31 00:00:00+00:00,82.07,0.0057598039
2018-06-01 00:00:00+00:00,83.25,0.0143779700
2018-06-04 00:00:00+00:00,84.57,0.0158558559
2018-06-05 00:00:00+00:00,85.05,0.0056757716
2018-06-06 00:00:00+00:00,85.21,0.0018812463
2018-06-07 00:00:00+00:00,83.27,-0.0227672808
2018-06-08 00:00:00+00:00,84.34,0.0128497658
2018-06-11 00:00:00+00:00,83.89,-0.0053355466
2018-06-12 00:00:00+00:00,85.02,0.0134700203
2018-06-13 00:00:00+00:00,85.27,0.0029404846
2018-06-14 00:00:00+00:00,85.61,0.0039873343
2018-06-15 00:00:00+00:00,85.31,-0.0035042635
2018-06-18 00:00:00+00:00,85.85,0.0063298558
2018-06-19 00:00:00+00:00,84.52,-0.0154921374
2018-06-20 00:00:00+00:00,85.95,0.0169190724
2018-06-21 00:00:00+00:00,85.97,0.0002326934
2018-06-22 00:00:00+00:00,85.12,-0.0098871699
2018-06-25 00:00:00+00:00,82.19,-0.0344219925
2018-06-26 00:00:00+00:00,82.32,0.0015817009
2018-06-27 00:00:00+00:00,80.67,-0.0200437318
2018-06-28 00:00:00+00:00,82.48,0.0224370894
2018-06-29 00:00:00+00:00,83.27,0.0095780795
2018-07-02 00:00:00+00:00,83.89,0.0074456587
2018-07-03 00:00:00+00:00,83.27,-0.0073906306
2018-07-05 00:00:00+00:00,84.59,0.0158520476
2018-07-06 00:00:00+00:00,85.94,0.0159593333
2018-07-09 00:00:00+00:00,86.23,0.0033744473
2018-07-10 00:00:00+00:00,86.17,-0.0006958135
2018-07-11 00:00:00+00:00,86.25,0.0009283974
2018-07-12 00:00:00+00:00,89.13,0.0333913043
2018-07-13 00:00:00+00:00,87.99,-0.0127903063
2018-07-16 00:00:00+00:00,87.77,-0.0025002841
2018-07-17 00:00:00+00:00,88.58,0.0092286658
2018-07-18 00:00:00+00:00,88.22,-0.0040641228
2018-07-19 00:00:00+00:00,87.38,-0.0095216504
2018-07-20 00:00:00+00:00,87.47,0.0010299840
2018-07-23 00:00:00+00:00,89.24,0.0202355093
2018-07-24 00:00:00+00:00,91.41,0.0243164500
2018-07-25 00:00:00+00:00,91.37,-0.0004375889
2018-07-26 00:00:00+00:00,89.14,-0.0244062603
2018-07-27 00:00:00+00:00,85.46,-0.0412833745
2018-07-30 00:00:00+00:00,82.39,-0.0359232389
2018-07-31 00:00:00+00:00,82.14,-0.0030343488
2018-08-01 00:00:00+00:00,83.46,0.0160701242
2018-08-02 00:00:00+00:00,85.53,0.0248023005
2018-08-03 00:00:00+00:00,85.19,-0.0039752134
2018-08-06 00:00:00+00:00,85.77,0.0068083108
2018-08-07 00:00:00+00:00,86.3,0.0061793168
2018-08-08 00:00:00+00:00,86.74,0.0050984936
2018-08-09 00:00:00+00:00,87.17,0.0049573438
2018-08-10 00:00:00+00:00,87.01,-0.0018354939
2018-08-13 00:00:00+00:00,87.01,0.0000000000
2018-08-14 00:00:00+00:00,87.73,0.0082749109
2018-08-15 00:00:00+00:00,85.19,-0.0289524678
2018-08-16 00:00:00+00:00,85.32,0.0015260007
2018-08-17 00:00:00+00:00,85.45,0.0015236756
2018-08-20 00:00:00+00:00,85.75,0.0035108250
2018-08-21 00:00:00+00:00,86.22,0.0054810496
2018-08-22 00:00:00+00:00,86.95,0.0084667131
2018-08-23 00:00:00+00:00,87.38,0.0049453709
2018-08-24 00:00:00+00:00,90.1,0.0311284047
2018-08-27 00:00:00+00:00,89.97,-0.0014428413
2018-08-28 00:00:00+00:00,90.61,0.0071134823
2018-08-29 00:00:00+00:00,92.62,0.0221829820
2018-08-30 00:00:00+00:00,92.09,-0.0057223062
2018-08-31 00:00:00+00:00,92.33,0.0026061462
2018-09-04 00:00:00+00:00,93.07,0.0080147298
2018-09-05 00:00:00+00:00,89.05,-0.0431932954
2018-09-06 00:00:00+00:00,89.0,-0.0005614823
2018-09-07 00:00:00+00:00,88.82,-0.0020224719
2018-09-10 00:00:00+00:00,89.8,0.0110335510
2018-09-11 00:00:00+00:00,91.43,0.0181514477
2018-09-12 00:00:00+00:00,92.4,0.0106092092
2018-09-13 00:00:00+00:00,92.19,-0.0022727273
2018-09-14 00:00:00+00:00,90.78,-0.0152945005
2018-09-17 00:00:00+00:00,88.68,-0.0231328486
2018-09-18 00:00:00+00:00,89.72,0.0117275598
2018-09-19 00:00:00+00:00,89.31,-0.0045697726
2018-09-20 00:00:00+00:00,90.6,0.0144440712
2018-09-21 00:00:00+00:00,90.62,0.0002207506
2018-09-24 00:00:00+00:00,89.62,-0.0110350916
2018-09-25 00:00:00+00:00,90.04,0.0046864539
2018-09-26 00:00:00+00:00,89.85,-0.0021101733
2018-09-27 00:00:00+00:00,88.99,-0.0095715081
2018-09-28 00:00:00+00:00,87.84,-0.0129228003
2018-10-01 00:00:00+00:00,87.55,-0.0033014572
2018-10-02 00:00:00+00:00,86.68,-0.0099371788
2018-10-03 00:00:00+00:00,87.15,0.0054222427
2018-10-04 00:00:00+00:00,84.34,-0.0322432587
2018-10-05 00:00:00+00:00,83.18,-0.0137538535
2018-10-08 00:00:00+00:00,80.55,-0.0316181774
2018-10-09 00:00:00+00:00,80.03,-0.0064556176
2018-10-10 00:00:00+00:00,75.45,-0.0572285393
2018-10-11 00:00:00+00:00,75.9,0.0059642147
2018-10-12 00:00:00+00:00,79.03,0.0412384717
2018-10-15 00:00:00+00:00,77.23,-0.0227761610
2018-10-16 00:00:00+00:00,80.61,0.0437653761
2018-10-17 00:00:00+00:00,80.09,-0.0064508126
2018-10-18 00:00:00+00:00,77.48,-0.0325883381
2018-10-19 00:00:00+00:00,84.78,0.0942178627
2018-10-22 00:00:00+00:00,85.43,0.0076669026
2018-10-23 00:00:00+00:00,87.57,0.0250497483
2018-10-24 00:00:00+00:00,83.09,-0.0511590727
2018-10-25 00:00:00+00:00,85.96,0.0345408593
2018-10-26 00:00:00+00:00,83.37,-0.0301302932
2018-10-29 00:00:00+00:00,81.15,-0.0266282836
2018-10-30 00:00:00+00:00,80.9,-0.0030807147
2018-10-31 00:00:00+00:00,84.19,0.0406674907
2018-11-01 00:00:00+00:00,85.04,0.0100962110
2018-11-02 00:00:00+00:00,83.51,-0.0179915334
2018-11-05 00:00:00+00:00,84.05,0.0064662915
2018-11-06 00:00:00+00:00,84.69,0.0076145152
2018-11-07 00:00:00+00:00,88.23,0.0417995041
2018-11-08 00:00:00+00:00,89.04,0.0091805508
2018-11-09 00:00:00+00:00,86.76,-0.0256064690
2018-11-12 00:00:00+00:00,83.78,-0.0343476256
2018-11-13 00:00:00+00:00,83.78,0.0000000000
2018-11-14 00:00:00+00:00,84.05,0.0032227262
2018-11-15 00:00:00+00:00,86.74,0.0320047591
2018-11-16 00:00:00+00:00,85.06,-0.0193682269
2018-11-19 00:00:00+00:00,80.13,-0.0579590877
2018-11-20 00:00:00+00:00,77.76,-0.0295769375
2018-11-21 00:00:00+00:00,79.12,0.0174897119
2018-11-23 00:00:00+00:00,77.95,-0.0147876643
2018-11-26 00:00:00+00:00,80.86,0.0373316228
2018-11-27 00:00:00+00:00,81.97,0.0137274301
2018-11-28 00:00:00+00:00,85.98,0.0489203367
2018-11-29 00:00:00+00:00,84.26,-0.0200046522
2018-11-30 00:00:00+00:00,85.81,0.0183954427
2018-12-03 00:00:00+00:00,87.98,0.0252884279
2018-12-04 00:00:00+00:00,84.19,-0.0430779723
2018-12-06 00:00:00+00:00,85.82,0.0193609692
2018-12-07 00:00:00+00:00,82.77,-0.0355395013
2018-12-10 00:00:00+00:00,84.93,0.0260964117
2018-12-11 00:00:00+00:00,85.51,0.0068291534
2018-12-12 00:00:00+00:00,86.5,0.0115775933
2018-12-13 00:00:00+00:00,87.56,0.0122543353
2018-12-14 00:00:00+00:00,85.92,-0.0187300137
2018-12-17 00:00:00+00:00,84.1,-0.0211824953
2018-12-18 00:00:00+00:00,85.51,0.0167657551
2018-12-19 00:00:00+00:00,84.03,-0.0173079172
2018-12-20 00:00:00+00:00,82.44,-0.0189218136
2018-12-21 00:00:00+00:00,78.14,-0.0521591460
2018-12-24 00:00:00+00:00,77.06,-0.0138213463
2018-12-26 00:00:00+00:00,82.8,0.0744874124
2018-12-27 00:00:00+00:00,84.31,0.0182367150
2018-12-28 00:00:00+00:00,83.26,-0.0124540387
2018-12-31 00:00:00+00:00,84.09,0.0099687725
2019-01-02 00:00:00+00:00,85.75,0.0197407540
2019-01-03 00:00:00+00:00,82.09,-0.0426822157
2019-01-04 00:00:00+00:00,86.27,0.0509197223
2019-01-07 00:00:00+00:00,86.93,0.0076503999
2019-01-08 00:00:00+00:00,88.7,0.0203612102
2019-01-09 00:00:00+00:00,89.55,0.0095828636
2019-01-10 00:00:00+00:00,90.7,0.0128419877
2019-01-11 00:00:00+00:00,90.65,-0.0005512679
2019-01-14 00:00:00+00:00,90.43,-0.0024269167
2019-01-15 00:00:00+00:00,91.6,0.0129381842
2019-01-16 00:00:00+00:00,90.55,-0.0114628821
2019-01-17 00:00:00+00:00,90.4,-0.0016565433
2019-01-18 00:00:00+00:00,91.12,0.0079646018
2019-01-22 00:00:00+00:00,89.94,-0.0129499561
2019-01-23 00:00:00+00:00,90.5,0.0062263731
2019-01-24 00:00:00+00:00,92.2,0.0187845304
2019-01-25 00:00:00+00:00,94.28,0.0225596529
2019-01-28 00:00:00+00:00,92.3,-0.0210012728
2019-01-29 00:00:00+00:00,91.12,-0.0127843987
2019-01-30 00:00:00+00:00,92.42,0.0142669008
2019-01-31 00:00:00+00:00,88.76,-0.0396018178
2019-02-01 00:00:00+00:00,90.01,0.0140829202
2019-02-04 00:00:00+00:00,91.66,0.0183312965
2019-02-05 00:00:00+00:00,92.27,0.0066550295
2019-02-06 00:00:00+00:00,92.25,-0.0002167552
2019-02-07 00:00:00+00:00,90.85,-0.0151761518
2019-02-08 00:00:00+00:00,91.87,0.0112272977
2019-02-11 00:00:00+00:00,92.69,0.0089256558
2019-02-12 00:00:00+00:00,94.38,0.0182328191
2019-02-13 00:00:00+00:00,94.01,-0.0039203221
2019-02-14 00:00:00+00:00,94.42,0.0043612382
2019-02-15 00:00:00+00:00,94.91,0.0051895785
2019-02-19 00:00:00+00:00,95.02,0.0011589927
2019-02-20 00:00:00+00:00,94.73,-0.0030519891
2019-02-21 00:00:00+00:00,94.96,0.0024279531
2019-02-22 00:00:00+00:00,95.98,0.0107413648
2019-02-25 00:00:00+00:00,96.7,0.0075015628
2019-02-26 00:00:00+00:00,96.59,-0.0011375388
2019-02-27 00:00:00+00:00,97.86,0.0131483590
2019-02-28 00:00:00+00:00,98.07,0.0021459227
2019-03-01 00:00:00+00:00,98.8,0.0074436627
2019-03-04 00:00:00+00:00,96.57,-0.0225708502
2019-03-05 00:00:00+00:00,96.53,-0.0004142073
2019-03-06 00:00:00+00:00,96.46,-0.0007251632
2019-03-07 00:00:00+00:00,96.21,-0.0025917479
2019-03-08 00:00:00+00:00,95.69,-0.0054048436
2019-03-11 00:00:00+00:00,97.45,0.0183927265
2019-03-12 00:00:00+00:00,97.5,0.0005130836
2019-03-13 00:00:00+00:00,99.31,0.0185641026
2019-03-14 00:00:00+00:00,99.03,-0.0028194542
2019-03-15 00:00:00+00:00,100.73,0.0171665152
2019-03-18 00:00:00+00:00,100.27,-0.0045666634
2019-03-19 00:00:00+00:00,101.54,0.0126658023
2019-03-20 00:00:00+00:00,102.31,0.0075832184
2019-03-21 00:00:00+00:00,104.15,0.0179845567
2019-03-22 00:00:00+00:00,101.27,-0.0276524244
2019-03-25 00:00:00+00:00,101.55,0.0027648859
2019-03-26 00:00:00+00:00,103.15,0.0157557853
2019-03-27 00:00:00+00:00,103.07,-0.0007755696
2019-03-28 00:00:00+00:00,103.86,0.0076646939
2019-03-29 00:00:00+00:00,103.84,-0.0001925669
2019-04-01 00:00:00+00:00,105.55,0.0164676425
2019-04-02 00:00:00+00:00,105.23,-0.0030317385
2019-04-03 00:00:00+00:00,104.69,-0.0051316165
2019-04-04 00:00:00+00:00,104.46,-0.0021969625
2019-04-05 00:00:00+00:00,105.73,0.0121577637
2019-04-08 00:00:00+00:00,106.57,0.0079447650
2019-04-09 00:00:00+00:00,106.93,0.0033780614
2019-04-10 00:00:00+00:00,107.51,0.0054241092
2019-04-11 00:00:00+00:00,106.46,-0.0097665333
2019-04-12 00:00:00+00:00,108.48,0.0189742626
2019-04-15 00:00:00+00:00,108.14,-0.0031342183
2019-04-16 00:00:00+00:00,108.2,0.0005548363
2019-04-17 00:00:00+00:00,108.81,0.0056377079
2019-04-18 00:00:00+00:00,107.36,-0.0133259811
2019-04-22 00:00:00+00:00,106.81,-0.0051229508
2019-04-23 00:00:00+00:00,106.9,0.0008426177
2019-04-24 00:00:00+00:00,107.22,0.0029934518
2019-04-25 00:00:00+00:00,110.22,0.0279798545
2019-04-26 00:00:00+00:00,110.56,0.0030847396
2019-04-29 00:00:00+00:00,112.44,0.0170043415
2019-04-30 00:00:00+00:00,112.77,0.0029348986
2019-05-01 00:00:00+00:00,110.94,-0.0162277201
2019-05-02 00:00:00+00:00,109.7,-0.0111772129
2019-05-03 00:00:00+00:00,111.96,0.0206016408
2019-05-06 00:00:00+00:00,110.85,-0.0099142551
2019-05-07 00:00:00+00:00,108.95,-0.0171402797
2019-05-08 00:00:00+00:00,109.07,0.0011014227
2019-05-09 00:00:00+00:00,109.73,0.0060511598
2019-05-10 00:00:00+00:00,110.41,0.0061970291
2019-05-13 00:00:00+00:00,106.83,-0.0324245992
2019-05-14 00:00:00+00:00,109.09,0.0211551062
2019-05-15 00:00:00+00:00,111.5,0.0220918508
2019-05-16 00:00:00+00:00,113.87,0.0212556054
2019-05-17 00:00:00+00:00,112.8,-0.0093966804
2019-05-20 00:00:00+00:00,112.15,-0.0057624113
2019-05-21 00:00:00+00:00,112.43,0.0024966563
2019-05-22 00:00:00+00:00,112.47,0.0003557769
2019-05-23 00:00:00+00:00,109.9,-0.0228505379
2019-05-24 00:00:00+00:00,109.85,-0.0004549591
2019-05-28 00:00:00+00:00,111.74,0.0172052799
2019-05-29 00:00:00+00:00,110.08,-0.0148559155
2019-05-30 00:00:00+00:00,111.41,0.0120821221
2019-05-31 00:00:00+00:00,109.75,-0.0148999192
2019-06-03 00:00:00+00:00,105.52,-0.0385421412
2019-06-04 00:00:00+00:00,108.73,0.0304207733
2019-06-05 00:00:00+00:00,110.77,0.0187620712
2019-06-06 00:00:00+00:00,111.78,0.0091179922
2019-06-07 00:00:00+00:00,114.02,0.0200393630
2019-06-10 00:00:00+00:00,115.62,0.0140326259
2019-06-11 00:00:00+00:00,114.6,-0.0088220031
2019-06-12 00:00:00+00:00,114.5,-0.0008726003
2019-06-13 00:00:00+00:00,115.72,0.0106550218
2019-06-14 00:00:00+00:00,116.17,0.0038886969
2019-06-17 00:00:00+00:00,117.16,0.0085219936
2019-06-18 00:00:00+00:00,115.98,-0.0100716968
2019-06-19 00:00:00+00:00,117.14,0.0100017244
2019-06-20 00:00:00+00:00,118.79,0.0140857094
2019-06-21 00:00:00+00:00,116.21,-0.0217189999
2019-06-24 00:00:00+00:00,116.5,0.0024954823
2019-06-25 00:00:00+00:00,114.44,-0.0176824034
2019-06-26 00:00:00+00:00,114.15,-0.0025340790
2019-06-27 00:00:00+00:00,113.67,-0.0042049934
2019-06-28 00:00:00+00:00,114.46,0.0069499428
2019-07-01 00:00:00+00:00,115.03,0.0049799056
2019-07-02 00:00:00+00:00,116.17,0.0099104581
2019-07-03 00:00:00+00:00,117.68,0.0129981923
2019-07-05 00:00:00+00:00,117.16,-0.0044187627
2019-07-08 00:00:00+00:00,116.95,-0.0017924206
2019-07-09 00:00:00+00:00,118.37,0.0121419410
2019-07-10 00:00:00+00:00,119.64,0.0107290699
2019-07-11 00:00:00+00:00,120.65,0.0084419926
2019-07-12 00:00:00+00:00,120.12,-0.0043928719
2019-07-15 00:00:00+00:00,120.9,0.0064935065
2019-07-16 00:00:00+00:00,119.71,-0.0098428453
2019-07-17 00:00:00+00:00,118.81,-0.0075181689
2019-07-18 00:00:00+00:00,119.87,0.0089218079
2019-07-19 00:00:00+00:00,118.63,-0.0103445399
2019-07-22 00:00:00+00:00,118.69,0.0005057743
2019-07-23 00:00:00+00:00,120.22,0.0128907237
2019-07-24 00:00:00+00:00,121.3,0.0089835302
2019-07-25 00:00:00+00:00,115.12,-0.0509480627
2019-07-26 00:00:00+00:00,115.49,0.0032140375
2019-07-29 00:00:00+00:00,111.45,-0.0349813837
2019-07-30 00:00:00+00:00,112.04,0.0052938537
2019-07-31 00:00:00+00:00,110.4,-0.0146376294
2019-08-01 00:00:00+00:00,110.8,0.0036231884
2019-08-02 00:00:00+00:00,107.09,-0.0334837545
2019-08-05 00:00:00+00:00,103.6,-0.0325894108
2019-08-06 00:00:00+00:00,105.03,0.0138030888
2019-08-07 00:00:00+00:00,106.63,0.0152337427
2019-08-08 00:00:00+00:00,106.79,0.0015005158
2019-08-09 00:00:00+00:00,104.82,-0.0184474202
2019-08-12 00:00:00+00:00,102.72,-0.0200343446
2019-08-13 00:00:00+00:00,106.04,0.0323208723
2019-08-14 00:00:00+00:00,103.27,-0.0261222180
2019-08-15 00:00:00+00:00,104.95,0.0162680352
2019-08-16 00:00:00+00:00,106.16,0.0115292997
2019-08-19 00:00:00+00:00,107.67,0.0142238131
2019-08-20 00:00:00+00:00,107.37,-0.0027862914
2019-08-21 00:00:00+00:00,109.82,0.0228182919
2019-08-22 00:00:00+00:00,108.77,-0.0095611000
2019-08-23 00:00:00+00:00,106.04,-0.0250988324
2019-08-26 00:00:00+00:00,107.66,0.0152772539
2019-08-27 00:00:00+00:00,107.45,-0.0019505852
2019-08-28 00:00:00+00:00,107.47,0.0001861331
2019-08-29 00:00:00+00:00,109.21,0.0161905648
2019-08-30 00:00:00+00:00,109.05,-0.0014650673
2019-09-03 00:00:00+00:00,106.75,-0.0210912425
2019-09-04 00:00:00+00:00,108.73,0.0185480094
2019-09-05 00:00:00+00:00,111.46,0.0251080659
2019-09-06 00:00:00+00:00,110.05,-0.0126502781
2019-09-09 00:00:00+00:00,105.43,-0.0419809178
2019-09-10 00:00:00+00:00,103.05,-0.0225742199
2019-09-11 00:00:00+00:00,104.02,0.0094129064
2019-09-12 00:00:00+00:00,107.1,0.0296096904
2019-09-13 00:00:00+00:00,107.0,-0.0009337068
2019-09-16 00:00:00+00:00,106.52,-0.0044859813
2019-09-17 00:00:00+00:00,107.5,0.0092001502
2019-09-18 00:00:00+00:00,105.6,-0.0176744186
2019-09-19 00:00:00+00:00,106.12,0.0049242424
2019-09-20 00:00:00+00:00,104.64,-0.0139464757
2019-09-23 00:00:00+00:00,105.11,0.0044915902
2019-09-24 00:00:00+00:00,103.69,-0.0135096566
2019-09-25 00:00:00+00:00,104.14,0.0043398592
2019-09-26 00:00:00+00:00,104.55,0.0039370079
2019-09-27 00:00:00+00:00,102.2,-0.0224772836
2019-09-30 00:00:00+00:00,103.59,0.0136007828
2019-10-01 00:00:00+00:00,102.53,-0.0102326479
2019-10-02 00:00:00+00:00,99.73,-0.0273090803
2019-10-03 00:00:00+00:00,101.03,0.0130351950
2019-10-04 00:00:00+00:00,102.79,0.0174205681
2019-10-07 00:00:00+00:00,101.62,-0.0113824302
2019-10-08 00:00:00+00:00,99.33,-0.0225349341
2019-10-09 00:00:00+00:00,99.89,0.0056377731
2019-10-10 00:00:00+00:00,100.54,0.0065071579
2019-10-11 00:00:00+00:00,101.58,0.0103441416
2019-10-14 00:00:00+00:00,101.75,0.0016735578
2019-10-15 00:00:00+00:00,103.59,0.0180835381
2019-10-16 00:00:00+00:00,103.09,-0.0048267207
2019-10-17 00:00:00+00:00,103.63,0.0052381414
2019-10-18 00:00:00+00:00,101.22,-0.0232558140
2019-10-21 00:00:00+00:00,101.44,0.0021734835
2019-10-22 00:00:00+00:00,97.36,-0.0402208202
2019-10-23 00:00:00+00:00,96.64,-0.0073952342
2019-10-24 00:00:00+00:00,104.91,0.0855753311
2019-10-25 00:00:00+00:00,107.19,0.0217329139
2019-10-28 00:00:00+00:00,106.6,-0.0055042448
2019-10-29 00:00:00+00:00,105.0,-0.0150093809
2019-10-30 00:00:00+00:00,106.5,0.0142857143
2019-10-31 00:00:00+00:00,104.1,-0.0225352113
2019-11-01 00:00:00+00:00,104.98,0.0084534102
2019-11-04 00:00:00+00:00,102.81,-0.0206706039
2019-11-05 00:00:00+00:00,100.99,-0.0177025581
2019-11-06 00:00:00+00:00,100.63,-0.0035647094
2019-11-07 00:00:00+00:00,100.47,-0.0015899831
2019-11-08 00:00:00+00:00,101.42,0.0094555589
2019-11-11 00:00:00+00:00,102.67,0.0123249852
2019-11-12 00:00:00+00:00,102.03,-0.0062335638
2019-11-13 00:00:00+00:00,102.12,0.0008820935
2019-11-14 00:00:00+00:00,103.73,0.0157657658
2019-11-15 00:00:00+00:00,104.2,0.0045309939
2019-11-18 00:00:00+00:00,103.66,-0.0051823417
2019-11-19 00:00:00+00:00,104.95,0.0124445302
2019-11-20 00:00:00+00:00,104.09,-0.0081943783
2019-11-21 00:00:00+00:00,102.55,-0.0147948890
2019-11-22 00:00:00+00:00,101.77,-0.0076060458
2019-11-25 00:00:00+00:00,104.45,0.0263338901
2019-11-26 00:00:00+00:00,106.2,0.0167544280
2019-11-27 00:00:00+00:00,107.75,0.0145951036
2019-11-29 00:00:00+00:00,108.01,0.0024129930
2019-12-02 00:00:00+00:00,106.21,-0.0166651236
2019-12-03 00:00:00+00:00,105.59,-0.0058374918
2019-12-04 00:00:00+00:00,105.0,-0.0055876503
2019-12-05 00:00:00+00:00,104.59,-0.0039047619
2019-12-06 00:00:00+00:00,104.34,-0.0023902859
2019-12-09 00:00:00+00:00,103.78,-0.0053670692
2019-12-10 00:00:00+00:00,103.62,-0.0015417229
2019-12-11 00:00:00+00:00,105.51,0.0182397221
2019-12-12 00:00:00+00:00,105.67,0.0015164439
2019-12-13 00:00:00+00:00,107.65,0.0187375793
2019-12-16 00:00:00+00:00,109.57,0.0178355783
2019-12-17 00:00:00+00:00,108.46,-0.0101305102
2019-12-18 00:00:00+00:00,107.83,-0.0058085930
2019-12-19 00:00:00+00:00,108.88,0.0097375498
2019-12-20 00:00:00+00:00,108.75,-0.0011939750
2019-12-23 00:00:00+00:00,108.61,-0.0012873563
2019-12-24 00:00:00+00:00,108.69,0.0007365804
2019-12-26 00:00:00+00:00,109.75,0.0097525071
2019-12-27 00:00:00+00:00,109.4,-0.0031890661
2019-12-30 00:00:00+00:00,107.97,-0.0130712980
2019-12-31 00:00:00+00:00,108.17,0.0018523664
2020-01-02 00:00:00+00:00,110.75,0.0238513451
2020-01-03 00:00:00+00:00,108.76,-0.0179683973
2020-01-06 00:00:00+00:00,110.17,0.0129643251
2020-01-07 00:00:00+00:00,109.67,-0.0045384406
2020-01-08 00:00:00+00:00,111.82,0.0196042673
2020-01-09 00:00:00+00:00,112.57,0.0067072080
2020-01-10 00:00:00+00:00,112.93,0.0031980101
2020-01-13 00:00:00+00:00,115.28,0.0208093509
2020-01-14 00:00:00+00:00,114.64,-0.0055517002
2020-01-15 00:00:00+00:00,114.85,0.0018318214
2020-01-16 00:00:00+00:00,115.4,0.0047888550
2020-01-17 00:00:00+00:00,116.04,0.0055459272
2020-01-21 00:00:00+00:00,116.15,0.0009479490
2020-01-22 00:00:00+00:00,115.5,-0.0055962118
2020-01-23 00:00:00+00:00,117.89,0.0206926407
2020-01-24 00:00:00+00:00,116.98,-0.0077190601
2020-01-27 00:00:00+00:00,115.24,-0.0148743375
2020-01-28 00:00:00+00:00,116.52,0.0111072544
2020-01-29 00:00:00+00:00,116.66,0.0012015105
2020-01-30 00:00:00+00:00,117.12,0.0039430825
2020-01-31 00:00:00+00:00,113.89,-0.0275785519
2020-02-03 00:00:00+00:00,116.51,0.0230046536
2020-02-04 00:00:00+00:00,120.08,0.0306411467
2020-02-05 00:00:00+00:00,119.72,-0.0029980013
2020-02-06 00:00:00+00:00,119.89,0.0014199800
2020-02-07 00:00:00+00:00,118.88,-0.0084243890
2020-02-10 00:00:00+00:00,120.06,0.0099259758
2020-02-11 00:00:00+00:00,118.84,-0.0101615859
2020-02-12 00:00:00+00:00,118.56,-0.0023561091
2020-02-13 00:00:00+00:00,120.51,0.0164473684
2020-02-14 00:00:00+00:00,122.99,0.0205792050
2020-02-18 00:00:00+00:00,122.27,-0.0058541345
2020-02-19 00:00:00+00:00,123.91,0.0134129386
2020-02-20 00:00:00+00:00,122.43,-0.0119441530
2020-02-21 00:00:00+00:00,119.49,-0.0240137221
2020-02-24 00:00:00+00:00,116.44,-0.0255251485
2020-02-25 00:00:00+00:00,109.66,-0.0582274133
2020-02-26 00:00:00+00:00,109.11,-0.0050155025
2020-02-27 00:00:00+00:00,107.84,-0.0116396297
2020-02-28 00:00:00+00:00,107.99,0.0013909496
2020-03-02 00:00:00+00:00,112.86,0.0450967682
2020-03-03 00:00:00+00:00,109.76,-0.0274676590
2020-03-04 00:00:00+00:00,115.3,0.0504737609
2020-03-05 00:00:00+00:00,112.18,-0.0270598439
2020-03-06 00:00:00+00:00,110.89,-0.0114993760
2020-03-09 00:00:00+00:00,101.63,-0.0835061773
2020-03-10 00:00:00+00:00,109.74,0.0797992719
2020-03-11 00:00:00+00:00,103.9,-0.0532166940
2020-03-12 00:00:00+00:00,96.96,-0.0667949952
2020-03-13 00:00:00+00:00,110.15,0.1360354785
2020-03-16 00:00:00+00:00,92.72,-0.1582387653
2020-03-17 00:00:00+00:00,97.87,0.0555435720
2020-03-18 00:00:00+00:00,91.46,-0.0654950444
2020-03-19 00:00:00+00:00,93.69,0.0243822436
2020-03-20 00:00:00+00:00,86.68,-0.0748212189
2020-03-23 00:00:00+00:00,85.26,-0.0163820951
2020-03-24 00:00:00+00:00,97.29,0.1410978184
2020-03-25 00:00:00+00:00,95.71,-0.0162401069
2020-03-26 00:00:00+00:00,100.63,0.0514052868
2020-03-27 00:00:00+00:00,93.48,-0.0710523701
2020-03-30 00:00:00+00:00,97.03,0.0379760377
2020-03-31 00:00:00+00:00,95.74,-0.0132948573
2020-04-01 00:00:00+00:00,91.38,-0.0455400042
2020-04-02 00:00:00+00:00,93.52,0.0234186912
2020-04-03 00:00:00+00:00,92.39,-0.0120829769
2020-04-06 00:00:00+00:00,101.67,0.1004437710
2020-04-07 00:00:00+00:00,100.28,-0.0136716829
2020-04-08 00:00:00+00:00,105.06,0.0476665337
2020-04-09 00:00:00+00:00,105.84,0.0074243290
2020-04-13 00:00:00+00:00,105.98,0.0013227513
2020-04-14 00:00:00+00:00,109.785,0.0359030006
2020-04-15 00:00:00+00:00,107.95,-0.0167144874
2020-04-16 00:00:00+00:00,108.31,0.0033348773
2020-04-17 00:00:00+00:00,111.85,0.0326839627
2020-04-20 00:00:00+00:00,112.17,0.0028609745
2020-04-21 00:00:00+00:00,107.54,-0.0412766337
2020-04-22 00:00:00+00:00,115.19,0.0711363214
2020-04-23 00:00:00+00:00,115.24,0.0004340655
2020-04-24 00:00:00+00:00,120.18,0.0428670600
2020-04-27 00:00:00+00:00,120.53,0.0029122982
2020-04-28 00:00:00+00:00,116.14,-0.0364224674
2020-04-29 00:00:00+00:00,123.58,0.0640606165
2020-04-30 00:00:00+00:00,123.0,-0.0046933161
2020-05-01 00:00:00+00:00,120.61,-0.0194308943
2020-05-04 00:00:00+00:00,123.66,0.0252881187
2020-05-05 00:00:00+00:00,125.43,0.0143134401
2020-05-06 00:00:00+00:00,128.31,0.0229610141
2020-05-07 00:00:00+00:00,146.29,0.1401293742
2020-05-08 00:00:00+00:00,144.96,-0.0090915305
2020-05-11 00:00:00+00:00,143.96,-0.0068984547
2020-05-12 00:00:00+00:00,141.03,-0.0203528758
2020-05-13 00:00:00+00:00,143.73,0.0191448628
2020-05-14 00:00:00+00:00,144.41,0.0047310930
2020-05-15 00:00:00+00:00,145.51,0.0076172010
2020-05-18 00:00:00+00:00,146.24,0.0050168373
2020-05-19 00:00:00+00:00,145.39,-0.0058123632
2020-05-20 00:00:00+00:00,150.94,0.0381731894
2020-05-21 00:00:00+00:00,148.22,-0.0180204055
2020-05-22 00:00:00+00:00,150.86,0.0178113615
2020-05-26 00:00:00+00:00,147.0,-0.0255866366
2020-05-27 00:00:00+00:00,145.96,-0.0070748299
2020-05-28 00:00:00+00:00,148.79,0.0193888737
2020-05-29 00:00:00+00:00,155.01,0.0418038847
2020-06-01 00:00:00+00:00,154.53,-0.0030965744
2020-06-02 00:00:00+00:00,157.49,0.0191548567
2020-06-03 00:00:00+00:00,156.78,-0.0045082227
2020-06-04 00:00:00+00:00,154.6,-0.0139048348
2020-06-05 00:00:00+00:00,156.0,0.0090556274
2020-06-08 00:00:00+00:00,156.09,0.0005769231
2020-06-09 00:00:00+00:00,156.86,0.0049330514
2020-06-10 00:00:00+00:00,159.91,0.0194440903
2020-06-11 00:00:00+00:00,153.04,-0.0429616659
2020-06-12 00:00:00+00:00,155.26,0.0145060115
2020-06-15 00:00:00+00:00,157.55,0.0147494525
2020-06-16 00:00:00+00:00,161.22,0.0232941923
2020-06-17 00:00:00+00:00,163.83,0.0161890584
2020-06-18 00:00:00+00:00,168.05,0.0257584081
2020-06-19 00:00:00+00:00,164.36,-0.0219577507
2020-06-22 00:00:00+00:00,170.26,0.0358968119
2020-06-23 00:00:00+00:00,172.79,0.0148596265
2020-06-24 00:00:00+00:00,168.0,-0.0277215117
2020-06-25 00:00:00+00:00,172.5,0.0267857143
2020-06-26 00:00:00+00:00,170.87,-0.0094492754
2020-06-29 00:00:00+00:00,168.35,-0.0147480541
2020-06-30 00:00:00+00:00,174.23,0.0349272349
2020-07-01 00:00:00+00:00,177.43,0.0183665270
2020-07-02 00:00:00+00:00,177.21,-0.0012399256
2020-07-06 00:00:00+00:00,176.18,-0.0058123131
2020-07-07 00:00:00+00:00,177.28,0.0062436145
2020-07-08 00:00:00+00:00,181.57,0.0241990072
2020-07-09 00:00:00+00:00,183.23,0.0091424795
2020-07-10 00:00:00+00:00,178.4,-0.0263603122
2020-07-13 00:00:00+00:00,171.51,-0.0386210762
2020-07-14 00:00:00+00:00,172.3,0.0046061454
2020-07-15 00:00:00+00:00,172.06,-0.0013929193
2020-07-16 00:00:00+00:00,169.81,-0.0130768337
2020-07-17 00:00:00+00:00,173.92,0.0242035216
2020-07-20 00:00:00+00:00,178.82,0.0281738730
2020-07-21 00:00:00+00:00,175.58,-0.0181187787
2020-07-22 00:00:00+00:00,178.42,0.0161749630
2020-07-23 00:00:00+00:00,173.86,-0.0255576729
2020-07-24 00:00:00+00:00,172.56,-0.0074772806
2020-07-27 00:00:00+00:00,177.98,0.0314093649
2020-07-28 00:00:00+00:00,176.27,-0.0096078211
2020-07-29 00:00:00+00:00,184.6,0.0472570488
2020-07-30 00:00:00+00:00,192.51,0.0428494041
2020-07-31 00:00:00+00:00,196.07,0.0184925458
2020-08-03 00:00:00+00:00,197.07,0.0051002193
2020-08-04 00:00:00+00:00,197.33,0.0013193282
2020-08-05 00:00:00+00:00,202.91,0.0282775047
2020-08-06 00:00:00+00:00,204.09,0.0058153861
2020-08-07 00:00:00+00:00,198.63,-0.0267529031
2020-08-10 00:00:00+00:00,193.32,-0.0267331219
2020-08-11 00:00:00+00:00,189.03,-0.0221911856
2020-08-12 00:00:00+00:00,191.32,0.0121144792
2020-08-13 00:00:00+00:00,193.07,0.0091469789
2020-08-14 00:00:00+00:00,191.46,-0.0083389444
2020-08-17 00:00:00+00:00,196.29,0.0252272015
2020-08-18 00:00:00+00:00,194.57,-0.0087625452
2020-08-19 00:00:00+00:00,192.44,-0.0109472169
2020-08-20 00:00:00+00:00,198.18,0.0298274787
2020-08-21 00:00:00+00:00,196.79,-0.0070138258
2020-08-24 00:00:00+00:00,198.88,0.0106204584
2020-08-25 00:00:00+00:00,201.67,0.0140285599
2020-08-26 00:00:00+00:00,203.48,0.0089750583
2020-08-27 00:00:00+00:00,204.34,0.0042264596
2020-08-28 00:00:00+00:00,204.48,0.0006851326
2020-08-31 00:00:00+00:00,204.14,-0.0016627543
2020-09-01 00:00:00+00:00,208.93,0.0234642892
2020-09-02 00:00:00+00:00,210.82,0.0090460920
2020-09-03 00:00:00+00:00,204.99,-0.0276539228
2020-09-04 00:00:00+00:00,191.84,-0.0641494707
2020-09-08 00:00:00+00:00,185.95,-0.0307026689
2020-09-09 00:00:00+00:00,194.6,0.0465178812
2020-09-10 00:00:00+00:00,190.09,-0.0231757451
2020-09-11 00:00:00+00:00,184.0,-0.0320374559
2020-09-14 00:00:00+00:00,186.96,0.0160869565
2020-09-15 00:00:00+00:00,186.02,-0.0050278134
2020-09-16 00:00:00+00:00,180.91,-0.0274701645
2020-09-17 00:00:00+00:00,175.79,-0.0283013653
2020-09-18 00:00:00+00:00,176.07,0.0015928096
2020-09-21 00:00:00+00:00,183.21,0.0405520532
2020-09-22 00:00:00+00:00,187.78,0.0249440533
2020-09-23 00:00:00+00:00,181.61,-0.0328575993
2020-09-24 00:00:00+00:00,182.19,0.0031936567
2020-09-25 00:00:00+00:00,187.25,0.0277732038
2020-09-28 00:00:00+00:00,192.02,0.0254739653
2020-09-29 00:00:00+00:00,194.5,0.0129153213
2020-09-30 00:00:00+00:00,197.03,0.0130077121
2020-10-01 00:00:00+00:00,196.94,-0.0004567832
2020-10-02 00:00:00+00:00,191.91,-0.0255407738
2020-10-05 00:00:00+00:00,196.85,0.0257412329
2020-10-06 00:00:00+00:00,191.66,-0.0263652527
2020-10-07 00:00:00+00:00,194.61,0.0153918397
2020-10-08 00:00:00+00:00,193.06,-0.0079646472
2020-10-09 00:00:00+00:00,197.27,0.0218066922
2020-10-12 00:00:00+00:00,201.51,0.0214933847
2020-10-13 00:00:00+00:00,207.74,0.0309165798
2020-10-14 00:00:00+00:00,203.6,-0.0199287571
2020-10-15 00:00:00+00:00,203.14,-0.0022593320
2020-10-16 00:00:00+00:00,204.45,0.0064487546
2020-10-19 00:00:00+00:00,200.06,-0.0214722426
2020-10-20 00:00:00+00:00,201.96,0.0094971509
2020-10-21 00:00:00+00:00,213.07,0.0550108932
2020-10-22 00:00:00+00:00,203.93,-0.0428967006
2020-10-23 00:00:00+00:00,203.04,-0.0043642426
2020-10-26 00:00:00+00:00,197.22,-0.0286643026
2020-10-27 00:00:00+00:00,200.43,0.0162762397
2020-10-28 00:00:00+00:00,192.31,-0.0405128973
2020-10-29 00:00:00+00:00,195.04,0.0141958297
2020-10-30 00:00:00+00:00,186.13,-0.0456829368
2020-11-02 00:00:00+00:00,187.76,0.0087573202
2020-11-03 00:00:00+00:00,179.81,-0.0423412867
2020-11-04 00:00:00+00:00,194.29,0.0805294478
2020-11-05 00:00:00+00:00,204.56,0.0528591281
2020-11-06 00:00:00+00:00,202.73,-0.0089460305
2020-11-09 00:00:00+00:00,184.72,-0.0888373699
2020-11-10 00:00:00+00:00,183.36,-0.0073624946
2020-11-11 00:00:00+00:00,192.34,0.0489746946
2020-11-12 00:00:00+00:00,189.1,-0.0168451700
2020-11-13 00:00:00+00:00,188.62,-0.0025383395
2020-11-16 00:00:00+00:00,191.94,0.0176015269
2020-11-17 00:00:00+00:00,192.3,0.0018755861
2020-11-18 00:00:00+00:00,190.12,-0.0113364535
2020-11-19 00:00:00+00:00,190.9,0.0041026720
2020-11-20 00:00:00+00:00,192.67,0.0092718701
2020-11-23 00:00:00+00:00,200.82,0.0423003062
2020-11-24 00:00:00+00:00,206.0,0.0257942436
2020-11-25 00:00:00+00:00,214.46,0.0410679612
2020-11-27 00:00:00+00:00,211.39,-0.0143150238
2020-11-30 00:00:00+00:00,214.12,0.0129145182
2020-12-01 00:00:00+00:00,216.54,0.0113020736
2020-12-02 00:00:00+00:00,212.56,-0.0183799760
2020-12-03 00:00:00+00:00,214.54,0.0093150169
2020-12-04 00:00:00+00:00,217.77,0.0150554675
2020-12-07 00:00:00+00:00,217.93,0.0007347201
2020-12-08 00:00:00+00:00,216.94,-0.0045427431
2020-12-09 00:00:00+00:00,210.8,-0.0283027565
2020-12-10 00:00:00+00:00,215.34,0.0215370019
2020-12-11 00:00:00+00:00,214.06,-0.0059440884
2020-12-14 00:00:00+00:00,220.79,0.0314397832
2020-12-15 00:00:00+00:00,221.6,0.0036686444
2020-12-16 00:00:00+00:00,230.2,0.0388086643
2020-12-17 00:00:00+00:00,235.51,0.0230668983
2020-12-18 00:00:00+00:00,236.45,0.0039913379
2020-12-21 00:00:00+00:00,237.72,0.0053711144
2020-12-22 00:00:00+00:00,243.49,0.0242722531
2020-12-23 00:00:00+00:00,239.44,-0.0166331266
2020-12-24 00:00:00+00:00,238.64,-0.0033411293
2020-12-28 00:00:00+00:00,235.73,-0.0121940999
2020-12-29 00:00:00+00:00,231.03,-0.0199380647
2020-12-30 00:00:00+00:00,231.51,0.0020776523
2020-12-31 00:00:00+00:00,234.2,0.0116193685
2021-01-04 00:00:00+00:00,231.92,-0.0097352690
2021-01-05 00:00:00+00:00,234.91,0.0128923767
2021-01-06 00:00:00+00:00,226.83,-0.0343961517
2021-01-07 00:00:00+00:00,235.04,0.0361945069
2021-01-08 00:00:00+00:00,242.46,0.0315690946
2021-01-11 00:00:00+00:00,237.5,-0.0204569826
2021-01-12 00:00:00+00:00,237.64,0.0005894737
2021-01-13 00:00:00+00:00,244.9,0.0305504124
2021-01-14 00:00:00+00:00,242.06,-0.0115965700
2021-01-15 00:00:00+00:00,239.79,-0.0093778402
2021-01-19 00:00:00+00:00,247.25,0.0311105551
2021-01-20 00:00:00+00:00,244.26,-0.0120930233
2021-01-21 00:00:00+00:00,248.64,0.0179317121
2021-01-22 00:00:00+00:00,252.0,0.0135135135
2021-01-25 00:00:00+00:00,247.75,-0.0168650794
2021-01-26 00:00:00+00:00,241.0,-0.0272452069
2021-01-27 00:00:00+00:00,229.94,-0.0458921162
2021-01-28 00:00:00+00:00,237.79,0.0341393407
2021-01-29 00:00:00+00:00,234.31,-0.0146347618
2021-02-01 00:00:00+00:00,241.85,0.0321795911
2021-02-02 00:00:00+00:00,249.1,0.0299772586
2021-02-03 00:00:00+00:00,251.9,0.0112404657
2021-02-04 00:00:00+00:00,270.43,0.0735609369
2021-02-05 00:00:00+00:00,269.44,-0.0036608364
2021-02-08 00:00:00+00:00,282.17,0.0472461401
2021-02-09 00:00:00+00:00,284.2,0.0071942446
2021-02-10 00:00:00+00:00,283.18,-0.0035890218
2021-02-11 00:00:00+00:00,285.03,0.0065329472
2021-02-12 00:00:00+00:00,298.37,0.0468020910
2021-02-16 00:00:00+00:00,304.79,0.0215169085
2021-02-17 00:00:00+00:00,297.2,-0.0249023918
2021-02-18 00:00:00+00:00,290.81,-0.0215006729
2021-02-19 00:00:00+00:00,286.92,-0.0133764313
2021-02-22 00:00:00+00:00,273.85,-0.0455527673
2021-02-23 00:00:00+00:00,265.0,-0.0323169618
2021-02-24 00:00:00+00:00,266.07,0.0040377358
2021-02-25 00:00:00+00:00,253.94,-0.0455895065
2021-02-26 00:00:00+00:00,259.85,0.0232732141
2021-03-01 00:00:00+00:00,273.63,0.0530305946
2021-03-02 00:00:00+00:00,269.19,-0.0162262910
2021-03-03 00:00:00+00:00,255.06,-0.0524908058
2021-03-04 00:00:00+00:00,239.07,-0.0626911315
2021-03-05 00:00:00+00:00,239.05,-0.0000836575
2021-03-08 00:00:00+00:00,226.09,-0.0542145995
2021-03-09 00:00:00+00:00,241.76,0.0693086824
2021-03-10 00:00:00+00:00,242.07,0.0012822634
2021-03-11 00:00:00+00:00,253.83,0.0485809890
2021-03-12 00:00:00+00:00,250.35,-0.0137099634
2021-03-15 00:00:00+00:00,249.98,-0.0014779309
2021-03-16 00:00:00+00:00,249.31,-0.0026802144
2021-03-17 00:00:00+00:00,251.47,0.0086639124
2021-03-18 00:00:00+00:00,238.41,-0.0519346244
2021-03-19 00:00:00+00:00,241.28,0.0120380857
2021-03-22 00:00:00+00:00,244.385,0.0128688660
2021-03-23 00:00:00+00:00,243.77,-0.0025165211
2021-03-24 00:00:00+00:00,234.27,-0.0389711613
2021-03-25 00:00:00+00:00,234.24,-0.0001280574
2021-03-26 00:00:00+00:00,241.03,0.0289873634
2021-03-29 00:00:00+00:00,235.67,-0.0222378957
2021-03-30 00:00:00+00:00,236.54,0.0036916027
2021-03-31 00:00:00+00:00,242.84,0.0266339731
2021-04-01 00:00:00+00:00,247.54,0.0193543074
2021-04-05 00:00:00+00:00,251.02,0.0140583340
2021-04-06 00:00:00+00:00,253.19,0.0086447295
2021-04-07 00:00:00+00:00,255.6,0.0095185434
2021-04-08 00:00:00+00:00,264.5,0.0348200313
2021-04-09 00:00:00+00:00,266.77,0.0085822306
2021-04-12 00:00:00+00:00,269.03,0.0084717172
2021-04-13 00:00:00+00:00,275.43,0.0237891685
2021-04-14 00:00:00+00:00,267.21,-0.0298442435
2021-04-15 00:00:00+00:00,274.0,0.0254107256
2021-04-16 00:00:00+00:00,269.87,-0.0150729927
2021-04-19 00:00:00+00:00,267.91,-0.0072627561
2021-04-20 00:00:00+00:00,264.43,-0.0129894368
2021-04-21 00:00:00+00:00,264.89,0.0017395908
2021-04-22 00:00:00+00:00,262.27,-0.0098908981
2021-04-23 00:00:00+00:00,266.03,0.0143363709
2021-04-26 00:00:00+00:00,271.72,0.0213885652
2021-04-27 00:00:00+00:00,268.82,-0.0106727514
2021-04-28 00:00:00+00:00,271.09,0.0084443122
2021-04-29 00:00:00+00:00,267.85,-0.0119517503
2021-04-30 00:00:00+00:00,262.29,-0.0207578869
2021-05-03 00:00:00+00:00,259.09,-0.0122002364
2021-05-04 00:00:00+00:00,250.16,-0.0344667876
2021-05-05 00:00:00+00:00,247.4,-0.0110329389
2021-05-06 00:00:00+00:00,252.02,0.0186742118
2021-05-07 00:00:00+00:00,253.36,0.0053170383
2021-05-10 00:00:00+00:00,243.63,-0.0384038522
2021-05-11 00:00:00+00:00,248.6,0.0203997866
2021-05-12 00:00:00+00:00,239.91,-0.0349557522
2021-05-13 00:00:00+00:00,240.8,0.0037097245
2021-05-14 00:00:00+00:00,246.29,0.0227990033
2021-05-17 00:00:00+00:00,244.36,-0.0078362906
2021-05-18 00:00:00+00:00,243.21,-0.0047061712
2021-05-19 00:00:00+00:00,244.63,0.0058385757
2021-05-20 00:00:00+00:00,251.54,0.0282467400
2021-05-21 00:00:00+00:00,250.69,-0.0033791842
2021-05-24 00:00:00+00:00,257.17,0.0258486577
2021-05-25 00:00:00+00:00,258.65,0.0057549481
2021-05-26 00:00:00+00:00,261.37,0.0105161415
2021-05-27 00:00:00+00:00,259.47,-0.0072693882
2021-05-28 00:00:00+00:00,260.02,0.0021197056
2021-06-01 00:00:00+00:00,259.27,-0.0028843935
2021-06-02 00:00:00+00:00,262.17,0.0111852509
2021-06-03 00:00:00+00:00,257.79,-0.0167067170
2021-06-04 00:00:00+00:00,263.04,0.0203654137
2021-06-07 00:00:00+00:00,260.6,-0.0092761557
2021-06-08 00:00:00+00:00,263.15,0.0097851113
2021-06-09 00:00:00+00:00,263.6,0.0017100513
2021-06-10 00:00:00+00:00,269.47,0.0222685888
2021-06-11 00:00:00+00:00,271.45,0.0073477567
2021-06-14 00:00:00+00:00,274.93,0.0128200405
2021-06-15 00:00:00+00:00,271.89,-0.0110573601
2021-06-16 00:00:00+00:00,268.82,-0.0112913311
2021-06-17 00:00:00+00:00,278.11,0.0345584406
2021-06-18 00:00:00+00:00,283.38,0.0189493366
2021-06-21 00:00:00+00:00,283.1,-0.0009880726
2021-06-22 00:00:00+00:00,286.75,0.0128929707
2021-06-23 00:00:00+00:00,288.12,0.0047776809
2021-06-24 00:00:00+00:00,293.21,0.0176662502
2021-06-25 00:00:00+00:00,289.6,-0.0123119948
2021-06-28 00:00:00+00:00,293.65,0.0139848066
2021-06-29 00:00:00+00:00,292.76,-0.0030308190
2021-06-30 00:00:00+00:00,291.48,-0.0043721820
2021-07-01 00:00:00+00:00,289.0,-0.0085083025
2021-07-02 00:00:00+00:00,290.24,0.0042906574
2021-07-06 00:00:00+00:00,292.64,0.0082690187
2021-07-07 00:00:00+00:00,297.13,0.0153430837
2021-07-08 00:00:00+00:00,295.05,-0.0070003029
2021-07-09 00:00:00+00:00,300.21,0.0174885613
2021-07-12 00:00:00+00:00,302.97,0.0091935645
2021-07-13 00:00:00+00:00,301.19,-0.0058751692
2021-07-14 00:00:00+00:00,300.75,-0.0014608719
2021-07-15 00:00:00+00:00,296.51,-0.0140980881
2021-07-16 00:00:00+00:00,294.63,-0.0063404270
2021-07-19 00:00:00+00:00,294.85,0.0007466992
2021-07-20 00:00:00+00:00,298.07,0.0109208072
2021-07-21 00:00:00+00:00,301.77,0.0124131915
2021-07-22 00:00:00+00:00,303.69,0.0063624615
2021-07-23 00:00:00+00:00,308.53,0.0159373045
2021-07-26 00:00:00+00:00,306.8,-0.0056072343
2021-07-27 00:00:00+00:00,300.48,-0.0205997392
2021-07-28 00:00:00+00:00,301.98,0.0049920128
2021-07-29 00:00:00+00:00,283.17,-0.0622888933
2021-07-30 00:00:00+00:00,275.53,-0.0269802592
2021-08-02 00:00:00+00:00,270.99,-0.0164773346
2021-08-03 00:00:00+00:00,273.5,0.0092623344
2021-08-04 00:00:00+00:00,275.5,0.0073126143
2021-08-05 00:00:00+00:00,280.67,0.0187658802
2021-08-06 00:00:00+00:00,279.54,-0.0040260805
2021-08-09 00:00:00+00:00,278.15,-0.0049724547
2021-08-10 00:00:00+00:00,274.37,-0.0135897897
2021-08-11 00:00:00+00:00,276.41,0.0074352152
2021-08-12 00:00:00+00:00,274.59,-0.0065844217
2021-08-13 00:00:00+00:00,274.91,0.0011653738
2021-08-16 00:00:00+00:00,278.28,0.0122585573
2021-08-17 00:00:00+00:00,271.1,-0.0258013512
2021-08-18 00:00:00+00:00,268.84,-0.0083364072
2021-08-19 00:00:00+00:00,270.58,0.0064722512
2021-08-20 00:00:00+00:00,272.96,0.0087959199
2021-08-23 00:00:00+00:00,276.98,0.0147274326
2021-08-24 00:00:00+00:00,279.51,0.0091342335
2021-08-25 00:00:00+00:00,277.69,-0.0065113949
2021-08-26 00:00:00+00:00,273.62,-0.0146566315
2021-08-27 00:00:00+00:00,278.33,0.0172136540
2021-08-30 00:00:00+00:00,288.47,0.0364315740
2021-08-31 00:00:00+00:00,288.66,0.0006586473
2021-09-01 00:00:00+00:00,286.75,-0.0066167810
2021-09-02 00:00:00+00:00,285.53,-0.0042545772
2021-09-03 00:00:00+00:00,289.13,0.0126081322
2021-09-07 00:00:00+00:00,293.26,0.0142842320
2021-09-08 00:00:00+00:00,285.23,-0.0273818455
2021-09-09 00:00:00+00:00,286.88,0.0057848052
2021-09-10 00:00:00+00:00,284.32,-0.0089235917
2021-09-13 00:00:00+00:00,280.49,-0.0134707372
2021-09-14 00:00:00+00:00,282.24,0.0062390816
2021-09-15 00:00:00+00:00,282.43,0.0006731859
2021-09-16 00:00:00+00:00,282.97,0.0019119782
2021-09-17 00:00:00+00:00,276.34,-0.0234300456
2021-09-20 00:00:00+00:00,269.91,-0.0232684374
2021-09-21 00:00:00+00:00,269.49,-0.0015560742
2021-09-22 00:00:00+00:00,272.34,0.0105755316
2021-09-23 00:00:00+00:00,279.1,0.0248219138
2021-09-24 00:00:00+00:00,278.11,-0.0035471157
2021-09-27 00:00:00+00:00,273.39,-0.0169717018
2021-09-28 00:00:00+00:00,262.19,-0.0409671166
2021-09-29 00:00:00+00:00,259.0,-0.0121667493
2021-09-30 00:00:00+00:00,260.21,0.0046718147
2021-10-01 00:00:00+00:00,264.65,0.0170631413
2021-10-04 00:00:00+00:00,255.01,-0.0364254676
2021-10-05 00:00:00+00:00,260.15,0.0201560723
2021-10-06 00:00:00+00:00,264.06,0.0150297905
2021-10-07 00:00:00+00:00,263.54,-0.0019692494
2021-10-08 00:00:00+00:00,260.06,-0.0132048266
2021-10-11 00:00:00+00:00,255.05,-0.0192647850
2021-10-12 00:00:00+00:00,255.85,0.0031366399
2021-10-13 00:00:00+00:00,256.36,0.0019933555
2021-10-14 00:00:00+00:00,266.45,0.0393587143
2021-10-15 00:00:00+00:00,268.35,0.0071307938
2021-10-18 00:00:00+00:00,270.33,0.0073784237
2021-10-19 00:00:00+00:00,271.7,0.0050678800
2021-10-20 00:00:00+00:00,258.36,-0.0490982702
2021-10-21 00:00:00+00:00,243.21,-0.0586391082
2021-10-22 00:00:00+00:00,240.4,-0.0115538012
2021-10-25 00:00:00+00:00,246.88,0.0269550749
2021-10-26 00:00:00+00:00,243.0,-0.0157161374
2021-10-27 00:00:00+00:00,234.94,-0.0331687243
2021-10-28 00:00:00+00:00,236.83,0.0080446071
2021-10-29 00:00:00+00:00,232.59,-0.0179031373
2021-11-01 00:00:00+00:00,231.28,-0.0056322284
2021-11-02 00:00:00+00:00,229.46,-0.0078692494
2021-11-03 00:00:00+00:00,230.38,0.0040094134
2021-11-04 00:00:00+00:00,228.22,-0.0093758139
2021-11-05 00:00:00+00:00,225.78,-0.0106914381
2021-11-08 00:00:00+00:00,229.42,0.0161218886
2021-11-09 00:00:00+00:00,205.42,-0.1046116293
2021-11-10 00:00:00+00:00,204.64,-0.0037970986
2021-11-11 00:00:00+00:00,202.03,-0.0127541048
2021-11-12 00:00:00+00:00,208.3,0.0310349948
2021-11-15 00:00:00+00:00,212.54,0.0203552568
2021-11-16 00:00:00+00:00,215.67,0.0147266397
2021-11-17 00:00:00+00:00,206.27,-0.0435851069
2021-11-18 00:00:00+00:00,200.5,-0.0279730450
2021-11-19 00:00:00+00:00,193.61,-0.0343640898
2021-11-22 00:00:00+00:00,189.48,-0.0213315428
2021-11-23 00:00:00+00:00,188.05,-0.0075469707
2021-11-24 00:00:00+00:00,188.71,0.0035097049
2021-11-26 00:00:00+00:00,187.79,-0.0048752053
2021-11-29 00:00:00+00:00,187.24,-0.0029288035
2021-11-30 00:00:00+00:00,184.89,-0.0125507370
2021-12-01 00:00:00+00:00,179.32,-0.0301260209
2021-12-02 00:00:00+00:00,187.15,0.0436649565
2021-12-03 00:00:00+00:00,183.93,-0.0172054502
2021-12-06 00:00:00+00:00,184.86,0.0050562714
2021-12-07 00:00:00+00:00,191.02,0.0333225143
2021-12-08 00:00:00+00:00,197.35,0.0331378913
2021-12-09 00:00:00+00:00,191.75,-0.0283759818
2021-12-10 00:00:00+00:00,188.51,-0.0168970013
2021-12-13 00:00:00+00:00,186.38,-0.0112991353
2021-12-14 00:00:00+00:00,186.8,0.0022534607
2021-12-15 00:00:00+00:00,190.66,0.0206638116
2021-12-16 00:00:00+00:00,188.75,-0.0100178328
2021-12-17 00:00:00+00:00,186.2,-0.0135099338
2021-12-20 00:00:00+00:00,182.68,-0.0189044039
2021-12-21 00:00:00+00:00,189.14,0.0353623823
2021-12-22 00:00:00+00:00,191.68,0.0134292059
2021-12-23 00:00:00+00:00,192.01,0.0017216194
2021-12-27 00:00:00+00:00,192.01,0.0000000000
2021-12-28 00:00:00+00:00,190.1,-0.0099473986
2021-12-29 00:00:00+00:00,189.97,-0.0006838506
2021-12-30 00:00:00+00:00,191.88,0.0100542191
2021-12-31 00:00:00+00:00,188.58,-0.0171982489
2022-01-03 00:00:00+00:00,194.94,0.0337257397
2022-01-04 00:00:00+00:00,191.14,-0.0194931774
2022-01-05 00:00:00+00:00,187.16,-0.0208224338
2022-01-06 00:00:00+00:00,192.27,0.0273028425
2022-01-07 00:00:00+00:00,187.6,-0.0242887606
2022-01-10 00:00:00+00:00,182.95,-0.0247867804
2022-01-11 00:00:00+00:00,191.52,0.0468433998
2022-01-12 00:00:00+00:00,187.2,-0.0225563910
2022-01-13 00:00:00+00:00,181.01,-0.0330662393
2022-01-14 00:00:00+00:00,178.42,-0.0143086017
2022-01-18 00:00:00+00:00,174.46,-0.0221948212
2022-01-19 00:00:00+00:00,173.55,-0.0052160954
2022-01-20 00:00:00+00:00,173.28,-0.0015557476
2022-01-21 00:00:00+00:00,163.54,-0.0562096030
2022-01-24 00:00:00+00:00,162.17,-0.0083771554
2022-01-25 00:00:00+00:00,158.2,-0.0244804834
2022-01-26 00:00:00+00:00,156.98,-0.0077117573
2022-01-27 00:00:00+00:00,158.11,0.0071983692
2022-01-28 00:00:00+00:00,163.52,0.0342166846
2022-01-31 00:00:00+00:00,171.94,0.0514921722
2022-02-01 00:00:00+00:00,175.8,0.0224496918
2022-02-02 00:00:00+00:00,132.57,-0.2459044369
2022-02-03 00:00:00+00:00,124.3,-0.0623821377
2022-02-04 00:00:00+00:00,126.08,0.0143201931
2022-02-07 00:00:00+00:00,121.41,-0.0370399746
2022-02-08 00:00:00+00:00,120.26,-0.0094720369
2022-02-09 00:00:00+00:00,122.94,0.0222850491
2022-02-10 00:00:00+00:00,119.02,-0.0318854726
2022-02-11 00:00:00+00:00,115.29,-0.0313392707
2022-02-14 00:00:00+00:00,114.12,-0.0101483216
2022-02-15 00:00:00+00:00,115.46,0.0117420259
2022-02-16 00:00:00+00:00,110.54,-0.0426121601
2022-02-17 00:00:00+00:00,105.2,-0.0483083047
2022-02-18 00:00:00+00:00,103.65,-0.0147338403
2022-02-22 00:00:00+00:00,103.17,-0.0046309696
2022-02-23 00:00:00+00:00,100.72,-0.0237472133
2022-02-24 00:00:00+00:00,105.02,0.0426926132
2022-02-25 00:00:00+00:00,110.94,0.0563702152
2022-02-28 00:00:00+00:00,111.93,0.0089237426
2022-03-01 00:00:00+00:00,106.51,-0.0484231216
2022-03-02 00:00:00+00:00,106.61,0.0009388790
2022-03-03 00:00:00+00:00,101.34,-0.0494325110
2022-03-04 00:00:00+00:00,99.91,-0.0141109138
2022-03-07 00:00:00+00:00,93.61,-0.0630567511
2022-03-08 00:00:00+00:00,94.9,0.0137805790
2022-03-09 00:00:00+00:00,100.22,0.0560590095
2022-03-10 00:00:00+00:00,98.55,-0.0166633407
2022-03-11 00:00:00+00:00,96.57,-0.0200913242
2022-03-14 00:00:00+00:00,96.87,0.0031065548
2022-03-15 00:00:00+00:00,100.46,0.0370599773
2022-03-16 00:00:00+00:00,107.92,0.0742584113
2022-03-17 00:00:00+00:00,112.16,0.0392883617
2022-03-18 00:00:00+00:00,118.77,0.0589336662
2022-03-21 00:00:00+00:00,114.65,-0.0346888945
2022-03-22 00:00:00+00:00,117.87,0.0280854775
2022-03-23 00:00:00+00:00,114.65,-0.0273182320
2022-03-24 00:00:00+00:00,116.05,0.0122110772
2022-03-25 00:00:00+00:00,113.76,-0.0197328738
2022-03-28 00:00:00+00:00,116.17,0.0211849508
2022-03-29 00:00:00+00:00,121.18,0.0431264526
2022-03-30 00:00:00+00:00,118.49,-0.0221983826
2022-03-31 00:00:00+00:00,115.65,-0.0239682674
2022-04-01 00:00:00+00:00,116.67,0.0088197147
2022-04-04 00:00:00+00:00,121.86,0.0444844433
2022-04-05 00:00:00+00:00,117.65,-0.0345478418
2022-04-06 00:00:00+00:00,112.49,-0.0438589035
2022-04-07 00:00:00+00:00,113.04,0.0048893235
2022-04-08 00:00:00+00:00,111.21,-0.0161889597
2022-04-11 00:00:00+00:00,109.81,-0.0125887960
2022-04-12 00:00:00+00:00,108.25,-0.0142063564
2022-04-13 00:00:00+00:00,105.17,-0.0284526559
2022-04-14 00:00:00+00:00,102.31,-0.0271940667
2022-04-18 00:00:00+00:00,100.58,-0.0169093930
2022-04-19 00:00:00+00:00,103.66,0.0306223901
2022-04-20 00:00:00+00:00,94.9,-0.0845070423
2022-04-21 00:00:00+00:00,89.4,-0.0579557429
2022-04-22 00:00:00+00:00,86.03,-0.0376957494
2022-04-25 00:00:00+00:00,87.78,0.0203417413
2022-04-26 00:00:00+00:00,83.7,-0.0464798360
2022-04-27 00:00:00+00:00,82.61,-0.0130227001
2022-04-28 00:00:00+00:00,92.09,0.1147560828
2022-04-29 00:00:00+00:00,87.93,-0.0451732001
2022-05-02 00:00:00+00:00,91.53,0.0409416581
2022-05-03 00:00:00+00:00,90.71,-0.0089588113
2022-05-04 00:00:00+00:00,92.72,0.0221585272
2022-05-05 00:00:00+00:00,85.43,-0.0786238136
2022-05-06 00:00:00+00:00,81.68,-0.0438955870
2022-05-09 00:00:00+00:00,79.53,-0.0263222331
2022-05-10 00:00:00+00:00,78.75,-0.0098076198
2022-05-11 00:00:00+00:00,75.17,-0.0454603175
2022-05-12 00:00:00+00:00,74.29,-0.0117067979
2022-05-13 00:00:00+00:00,78.83,0.0611118589
2022-05-16 00:00:00+00:00,77.65,-0.0149689205
2022-05-17 00:00:00+00:00,79.75,0.0270444301
2022-05-18 00:00:00+00:00,77.18,-0.0322257053
2022-05-19 00:00:00+00:00,81.28,0.0531225706
2022-05-20 00:00:00+00:00,80.54,-0.0091043307
2022-05-23 00:00:00+00:00,81.18,0.0079463621
2022-05-24 00:00:00+00:00,78.65,-0.0311653117
2022-05-25 00:00:00+00:00,80.12,0.0186904005
2022-05-26 00:00:00+00:00,80.42,0.0037443834
2022-05-27 00:00:00+00:00,85.21,0.0595622979
2022-05-31 00:00:00+00:00,85.21,0.0000000000
2022-06-01 00:00:00+00:00,82.48,-0.0320384931
2022-06-02 00:00:00+00:00,88.32,0.0708050436
2022-06-03 00:00:00+00:00,86.53,-0.0202672101
2022-06-06 00:00:00+00:00,86.81,0.0032358720
2022-06-07 00:00:00+00:00,88.59,0.0205045502
2022-06-08 00:00:00+00:00,87.51,-0.0121909922
2022-06-09 00:00:00+00:00,84.11,-0.0388527025
2022-06-10 00:00:00+00:00,79.3,-0.0571870170
2022-06-13 00:00:00+00:00,73.72,-0.0703656999
2022-06-14 00:00:00+00:00,72.46,-0.0170916983
2022-06-15 00:00:00+00:00,75.83,0.0465084184
2022-06-16 00:00:00+00:00,71.23,-0.0606620071
2022-06-17 00:00:00+00:00,72.9,0.0234451776
2022-06-21 00:00:00+00:00,72.37,-0.0072702332
2022-06-22 00:00:00+00:00,72.97,0.0082907282
2022-06-23 00:00:00+00:00,73.81,0.0115115801
2022-06-24 00:00:00+00:00,77.68,0.0524319198
2022-06-27 00:00:00+00:00,75.94,-0.0223995881
2022-06-28 00:00:00+00:00,71.82,-0.0542533579
2022-06-29 00:00:00+00:00,71.47,-0.0048732943
2022-06-30 00:00:00+00:00,69.84,-0.0228067721
2022-07-01 00:00:00+00:00,71.4,0.0223367698
2022-07-05 00:00:00+00:00,74.4,0.0420168067
2022-07-06 00:00:00+00:00,73.24,-0.0155913978
2022-07-07 00:00:00+00:00,75.04,0.0245767340
2022-07-08 00:00:00+00:00,73.43,-0.0214552239
2022-07-11 00:00:00+00:00,70.47,-0.0403104998
2022-07-12 00:00:00+00:00,71.43,0.0136228182
2022-07-13 00:00:00+00:00,71.36,-0.0009799804
2022-07-14 00:00:00+00:00,69.55,-0.0253643498
2022-07-15 00:00:00+00:00,73.91,0.0626887132
2022-07-18 00:00:00+00:00,74.13,0.0029765932
2022-07-19 00:00:00+00:00,77.74,0.0486982328
2022-07-20 00:00:00+00:00,80.24,0.0321584770
2022-07-21 00:00:00+00:00,82.75,0.0312811565
2022-07-22 00:00:00+00:00,81.05,-0.0205438066
2022-07-25 00:00:00+00:00,81.65,0.0074028378
2022-07-26 00:00:00+00:00,77.04,-0.0564605021
2022-07-27 00:00:00+00:00,86.42,0.1217549325
2022-07-28 00:00:00+00:00,85.86,-0.0064799815
2022-07-29 00:00:00+00:00,86.53,0.0078034009
2022-08-01 00:00:00+00:00,88.565,0.0235178551
2022-08-02 00:00:00+00:00,89.63,0.0120250663
2022-08-03 00:00:00+00:00,97.92,0.0924913533
2022-08-04 00:00:00+00:00,96.98,-0.0095996732
2022-08-05 00:00:00+00:00,95.32,-0.0171169313
2022-08-08 00:00:00+00:00,96.26,0.0098615191
2022-08-09 00:00:00+00:00,94.48,-0.0184915853
2022-08-10 00:00:00+00:00,98.91,0.0468882303
2022-08-11 00:00:00+00:00,99.11,0.0020220402
2022-08-12 00:00:00+00:00,101.1,0.0200787004
2022-08-15 00:00:00+00:00,101.51,0.0040553907
2022-08-16 00:00:00+00:00,102.08,0.0056152103
2022-08-17 00:00:00+00:00,99.42,-0.0260579937
2022-08-18 00:00:00+00:00,99.86,0.0044256689
2022-08-19 00:00:00+00:00,96.56,-0.0330462648
2022-08-22 00:00:00+00:00,93.58,-0.0308616404
2022-08-23 00:00:00+00:00,93.2,-0.0040606967
2022-08-24 00:00:00+00:00,93.76,0.0060085837
2022-08-25 00:00:00+00:00,96.72,0.0315699659
2022-08-26 00:00:00+00:00,92.7,-0.0415632754
2022-08-29 00:00:00+00:00,92.66,-0.0004314995
2022-08-30 00:00:00+00:00,91.8,-0.0092812433
2022-08-31 00:00:00+00:00,93.44,0.0178649237
2022-09-01 00:00:00+00:00,92.66,-0.0083476027
2022-09-02 00:00:00+00:00,91.13,-0.0165119793
2022-09-06 00:00:00+00:00,91.615,0.0053220674
2022-09-07 00:00:00+00:00,94.97,0.0366206407
2022-09-08 00:00:00+00:00,96.17,0.0126355691
2022-09-09 00:00:00+00:00,96.23,0.0006238952
2022-09-12 00:00:00+00:00,97.65,0.0147563130
2022-09-13 00:00:00+00:00,95.01,-0.0270353303
2022-09-14 00:00:00+00:00,97.66,0.0278918009
2022-09-15 00:00:00+00:00,96.4,-0.0129019046
2022-09-16 00:00:00+00:00,94.0,-0.0248962656
2022-09-19 00:00:00+00:00,95.03,0.0109574468
2022-09-20 00:00:00+00:00,91.63,-0.0357781753
2022-09-21 00:00:00+00:00,91.18,-0.0049110553
2022-09-22 00:00:00+00:00,87.66,-0.0386049572
2022-09-23 00:00:00+00:00,86.97,-0.0078713210
2022-09-26 00:00:00+00:00,84.26,-0.0311601702
2022-09-27 00:00:00+00:00,85.75,0.0176833610
2022-09-28 00:00:00+00:00,91.12,0.0626239067
2022-09-29 00:00:00+00:00,88.7,-0.0265583845
2022-09-30 00:00:00+00:00,86.07,-0.0296505073
2022-10-03 00:00:00+00:00,87.18,0.0128964796
2022-10-04 00:00:00+00:00,92.79,0.0643496215
2022-10-05 00:00:00+00:00,93.83,0.0112081043
2022-10-06 00:00:00+00:00,94.42,0.0062879676
2022-10-07 00:00:00+00:00,90.17,-0.0450116501
2022-10-10 00:00:00+00:00,84.52,-0.0626594211
2022-10-11 00:00:00+00:00,83.09,-0.0169190724
2022-10-12 00:00:00+00:00,83.81,0.0086653027
2022-10-13 00:00:00+00:00,84.04,0.0027443026
2022-10-14 00:00:00+00:00,80.47,-0.0424797715
2022-10-17 00:00:00+00:00,84.66,0.0520690941
2022-10-18 00:00:00+00:00,85.29,0.0074415308
2022-10-19 00:00:00+00:00,84.47,-0.0096142572
2022-10-20 00:00:00+00:00,84.78,0.0036699420
2022-10-21 00:00:00+00:00,83.94,-0.0099079972
2022-10-24 00:00:00+00:00,83.32,-0.0073862283
2022-10-25 00:00:00+00:00,89.24,0.0710513682
2022-10-26 00:00:00+00:00,88.55,-0.0077319588
2022-10-27 00:00:00+00:00,87.35,-0.0135516657
2022-10-28 00:00:00+00:00,86.25,-0.0125930166
2022-10-31 00:00:00+00:00,83.58,-0.0309565217
2022-11-01 00:00:00+00:00,83.11,-0.0056233549
2022-11-02 00:00:00+00:00,79.45,-0.0440380219
2022-11-03 00:00:00+00:00,76.55,-0.0365009440
2022-11-04 00:00:00+00:00,75.18,-0.0178967995
2022-11-07 00:00:00+00:00,77.66,0.0329874967
2022-11-08 00:00:00+00:00,81.13,0.0446819469
2022-11-09 00:00:00+00:00,78.68,-0.0301984469
2022-11-10 00:00:00+00:00,86.8,0.1032028470
2022-11-11 00:00:00+00:00,91.03,0.0487327189
2022-11-14 00:00:00+00:00,89.51,-0.0166977919
2022-11-15 00:00:00+00:00,89.86,0.0039101776
2022-11-16 00:00:00+00:00,87.04,-0.0313821500
2022-11-17 00:00:00+00:00,85.64,-0.0160845588
2022-11-18 00:00:00+00:00,84.92,-0.0084072863
2022-11-21 00:00:00+00:00,80.63,-0.0505181347
2022-11-22 00:00:00+00:00,79.91,-0.0089296788
2022-11-23 00:00:00+00:00,80.75,0.0105118258
2022-11-25 00:00:00+00:00,80.08,-0.0082972136
2022-11-28 00:00:00+00:00,79.93,-0.0018731269
2022-11-29 00:00:00+00:00,77.64,-0.0286500688
2022-11-30 00:00:00+00:00,78.41,0.0099175683
2022-12-01 00:00:00+00:00,78.53,0.0015304170
2022-12-02 00:00:00+00:00,74.66,-0.0492805297
2022-12-05 00:00:00+00:00,73.62,-0.0139298152
2022-12-06 00:00:00+00:00,72.23,-0.0188807389
2022-12-07 00:00:00+00:00,74.42,0.0303198117
2022-12-08 00:00:00+00:00,74.22,-0.0026874496
2022-12-09 00:00:00+00:00,73.57,-0.0087577472
2022-12-12 00:00:00+00:00,73.8,0.0031262743
2022-12-13 00:00:00+00:00,73.7,-0.0013550136
2022-12-14 00:00:00+00:00,72.63,-0.0145183175
2022-12-15 00:00:00+00:00,69.77,-0.0393776676
2022-12-16 00:00:00+00:00,69.26,-0.0073097320
2022-12-19 00:00:00+00:00,68.95,-0.0044758880
2022-12-20 00:00:00+00:00,68.76,-0.0027556200
2022-12-21 00:00:00+00:00,69.21,0.0065445026
2022-12-22 00:00:00+00:00,68.57,-0.0092472186
2022-12-23 00:00:00+00:00,69.03,0.0067084731
2022-12-27 00:00:00+00:00,68.33,-0.0101405186
2022-12-28 00:00:00+00:00,67.55,-0.0114151910
2022-12-29 00:00:00+00:00,70.56,0.0445595855
2022-12-30 00:00:00+00:00,71.22,0.0093537415
2023-01-03 00:00:00+00:00,74.58,0.0471777591
2023-01-04 00:00:00+00:00,77.69,0.0417001877
2023-01-05 00:00:00+00:00,76.27,-0.0182777706
2023-01-06 00:00:00+00:00,76.48,0.0027533762
2023-01-09 00:00:00+00:00,77.08,0.0078451883
2023-01-10 00:00:00+00:00,77.92,0.0108977686
2023-01-11 00:00:00+00:00,78.54,0.0079568789
2023-01-12 00:00:00+00:00,79.78,0.0157881334
2023-01-13 00:00:00+00:00,79.48,-0.0037603409
2023-01-17 00:00:00+00:00,80.18,0.0088072471
2023-01-18 00:00:00+00:00,77.31,-0.0357944625
2023-01-19 00:00:00+00:00,76.75,-0.0072435649
2023-01-20 00:00:00+00:00,79.09,0.0304885993
2023-01-23 00:00:00+00:00,79.5,0.0051839676
2023-01-24 00:00:00+00:00,79.58,0.0010062893
2023-01-25 00:00:00+00:00,79.1,-0.0060316662
2023-01-26 00:00:00+00:00,80.81,0.0216182048
2023-01-27 00:00:00+00:00,81.83,0.0126222002
2023-01-30 00:00:00+00:00,79.64,-0.0267628009
2023-01-31 00:00:00+00:00,81.49,0.0232295329
2023-02-01 00:00:00+00:00,82.91,0.0174254510
2023-02-02 00:00:00+00:00,86.96,0.0488481486
2023-02-03 00:00:00+00:00,85.52,-0.0165593376
2023-02-06 00:00:00+00:00,82.33,-0.0373012161
2023-02-07 00:00:00+00:00,83.23,0.0109316167
2023-02-08 00:00:00+00:00,79.72,-0.0421722936
2023-02-09 00:00:00+00:00,78.42,-0.0163070748
2023-02-10 00:00:00+00:00,80.8,0.0303494007
2023-02-13 00:00:00+00:00,79.45,-0.0167079208
2023-02-14 00:00:00+00:00,77.26,-0.0275645060
2023-02-15 00:00:00+00:00,77.91,0.0084131504
2023-02-16 00:00:00+00:00,76.73,-0.0151456809
2023-02-17 00:00:00+00:00,74.66,-0.0269777141
2023-02-21 00:00:00+00:00,75.24,0.0077685508
2023-02-22 00:00:00+00:00,75.48,0.0031897927
2023-02-23 00:00:00+00:00,75.19,-0.0038420774
2023-02-24 00:00:00+00:00,73.55,-0.0218114111
2023-02-27 00:00:00+00:00,73.77,0.0029911625
2023-02-28 00:00:00+00:00,73.6,-0.0023044598
2023-03-01 00:00:00+00:00,73.82,0.0029891304
2023-03-02 00:00:00+00:00,74.1,0.0037930100
2023-03-03 00:00:00+00:00,76.29,0.0295546559
2023-03-06 00:00:00+00:00,76.78,0.0064228601
2023-03-07 00:00:00+00:00,74.91,-0.0243553009
2023-03-08 00:00:00+00:00,75.84,0.0124148979
2023-03-09 00:00:00+00:00,75.93,0.0011867089
2023-03-10 00:00:00+00:00,73.43,-0.0329250626
2023-03-13 00:00:00+00:00,72.61,-0.0111670979
2023-03-14 00:00:00+00:00,73.24,0.0086764908
2023-03-15 00:00:00+00:00,73.91,0.0091480066
2023-03-16 00:00:00+00:00,74.35,0.0059531863
2023-03-17 00:00:00+00:00,72.99,-0.0182918628
2023-03-20 00:00:00+00:00,73.21,0.0030141115
2023-03-21 00:00:00+00:00,76.72,0.0479442699
2023-03-22 00:00:00+00:00,74.34,-0.0310218978
2023-03-23 00:00:00+00:00,72.56,-0.0239440409
2023-03-24 00:00:00+00:00,73.88,0.0181918412
2023-03-27 00:00:00+00:00,73.3,-0.0078505685
2023-03-28 00:00:00+00:00,72.7,-0.0081855389
2023-03-29 00:00:00+00:00,74.18,0.0203576341
2023-03-30 00:00:00+00:00,74.39,0.0028309517
2023-03-31 00:00:00+00:00,75.94,0.0208361339
2023-04-03 00:00:00+00:00,75.29,-0.0085593890
2023-04-04 00:00:00+00:00,75.26,-0.0003984593
2023-04-05 00:00:00+00:00,73.61,-0.0219239968
2023-04-06 00:00:00+00:00,74.96,0.0183398995
2023-04-10 00:00:00+00:00,74.52,-0.0058697972
2023-04-11 00:00:00+00:00,73.58,-0.0126140633
2023-04-12 00:00:00+00:00,73.5,-0.0010872520
2023-04-13 00:00:00+00:00,75.52,0.0274829932
2023-04-14 00:00:00+00:00,76.53,0.0133739407
2023-04-17 00:00:00+00:00,77.33,0.0104534170
2023-04-18 00:00:00+00:00,76.42,-0.0117677486
2023-04-19 00:00:00+00:00,75.32,-0.0143941377
2023-04-20 00:00:00+00:00,73.58,-0.0231014339
2023-04-21 00:00:00+00:00,74.18,0.0081543898
2023-04-24 00:00:00+00:00,74.29,0.0014828795
2023-04-25 00:00:00+00:00,71.78,-0.0337865123
2023-04-26 00:00:00+00:00,72.06,0.0039008080
2023-04-27 00:00:00+00:00,74.27,0.0306688870
2023-04-28 00:00:00+00:00,76.0,0.0232933890
2023-05-01 00:00:00+00:00,75.11,-0.0117105263
2023-05-02 00:00:00+00:00,72.28,-0.0376780722
2023-05-03 00:00:00+00:00,71.43,-0.0117598229
2023-05-04 00:00:00+00:00,71.81,0.0053198936
2023-05-05 00:00:00+00:00,74.97,0.0440050132
2023-05-08 00:00:00+00:00,75.52,0.0073362678
2023-05-09 00:00:00+00:00,65.905,-0.1273172669
2023-05-10 00:00:00+00:00,63.38,-0.0383127229
2023-05-11 00:00:00+00:00,64.18,0.0126222783
2023-05-12 00:00:00+00:00,61.69,-0.0387971331
2023-05-15 00:00:00+00:00,62.25,0.0090776463
2023-05-16 00:00:00+00:00,60.8,-0.0232931727
2023-05-17 00:00:00+00:00,61.46,0.0108552632
2023-05-18 00:00:00+00:00,61.27,-0.0030914416
2023-05-19 00:00:00+00:00,60.92,-0.0057124204
2023-05-22 00:00:00+00:00,63.03,0.0346355877
2023-05-23 00:00:00+00:00,62.0,-0.0163414247
2023-05-24 00:00:00+00:00,61.8,-0.0032258065
2023-05-25 00:00:00+00:00,59.37,-0.0393203883
2023-05-26 00:00:00+00:00,60.22,0.0143169951
2023-05-30 00:00:00+00:00,62.05,0.0303885752
2023-05-31 00:00:00+00:00,61.99,-0.0009669621
2023-06-01 00:00:00+00:00,63.05,0.0170995322
2023-06-02 00:00:00+00:00,63.96,0.0144329897
2023-06-05 00:00:00+00:00,64.51,0.0085991245
2023-06-06 00:00:00+00:00,65.02,0.0079057510
2023-06-07 00:00:00+00:00,64.04,-0.0150722855
2023-06-08 00:00:00+00:00,64.24,0.0031230481
2023-06-09 00:00:00+00:00,63.49,-0.0116749689
2023-06-12 00:00:00+00:00,63.73,0.0037801229
2023-06-13 00:00:00+00:00,63.56,-0.0026675035
2023-06-14 00:00:00+00:00,63.6,0.0006293266
2023-06-15 00:00:00+00:00,65.85,0.0353773585
2023-06-16 00:00:00+00:00,66.43,0.0088078967
2023-06-20 00:00:00+00:00,68.89,0.0370314617
2023-06-21 00:00:00+00:00,68.19,-0.0101611264
2023-06-22 00:00:00+00:00,68.57,0.0055726646
2023-06-23 00:00:00+00:00,66.94,-0.0237713286
2023-06-26 00:00:00+00:00,66.44,-0.0074693756
2023-06-27 00:00:00+00:00,66.23,-0.0031607465
2023-06-28 00:00:00+00:00,66.03,-0.0030197796
2023-06-29 00:00:00+00:00,65.86,-0.0025745873
2023-06-30 00:00:00+00:00,66.73,0.0132098391
2023-07-03 00:00:00+00:00,68.1,0.0205304960
2023-07-05 00:00:00+00:00,68.85,0.0110132159
2023-07-06 00:00:00+00:00,66.14,-0.0393609296
2023-07-07 00:00:00+00:00,66.79,0.0098276383
2023-07-10 00:00:00+00:00,69.28,0.0372810301
2023-07-11 00:00:00+00:00,70.62,0.0193418014
2023-07-12 00:00:00+00:00,70.59,-0.0004248088
2023-07-13 00:00:00+00:00,72.39,0.0254993625
2023-07-14 00:00:00+00:00,72.1,-0.0040060782
2023-07-17 00:00:00+00:00,73.49,0.0192787795
2023-07-18 00:00:00+00:00,74.37,0.0119744183
2023-07-19 00:00:00+00:00,74.22,-0.0020169423
2023-07-20 00:00:00+00:00,73.02,-0.0161681487
2023-07-21 00:00:00+00:00,72.99,-0.0004108463
2023-07-24 00:00:00+00:00,73.69,0.0095903548
2023-07-25 00:00:00+00:00,72.96,-0.0099063645
2023-07-26 00:00:00+00:00,73.43,0.0064418860
2023-07-27 00:00:00+00:00,72.03,-0.0190657769
2023-07-28 00:00:00+00:00,73.98,0.0270720533
2023-07-31 00:00:00+00:00,75.82,0.0248715869
2023-08-01 00:00:00+00:00,75.53,-0.0038248483
2023-08-02 00:00:00+00:00,73.2,-0.0308486694
2023-08-03 00:00:00+00:00,64.18,-0.1232240437
2023-08-04 00:00:00+00:00,62.75,-0.0222810844
2023-08-07 00:00:00+00:00,64.42,0.0266135458
2023-08-08 00:00:00+00:00,63.19,-0.0190934492
2023-08-09 00:00:00+00:00,62.02,-0.0185155879
2023-08-10 00:00:00+00:00,62.79,0.0124153499
2023-08-11 00:00:00+00:00,61.54,-0.0199076286
2023-08-14 00:00:00+00:00,63.27,0.0281117972
2023-08-15 00:00:00+00:00,59.47,-0.0600600601
2023-08-16 00:00:00+00:00,59.68,0.0035311922
2023-08-17 00:00:00+00:00,58.6,-0.0180965147
2023-08-18 00:00:00+00:00,59.42,0.0139931741
2023-08-21 00:00:00+00:00,59.51,0.0015146415
2023-08-22 00:00:00+00:00,60.98,0.0247017308
2023-08-23 00:00:00+00:00,61.76,0.0127910790
2023-08-24 00:00:00+00:00,60.71,-0.0170012953
2023-08-25 00:00:00+00:00,61.19,0.0079064405
2023-08-28 00:00:00+00:00,61.67,0.0078444190
2023-08-29 00:00:00+00:00,62.5,0.0134587320
2023-08-30 00:00:00+00:00,63.42,0.0147200000
2023-08-31 00:00:00+00:00,62.51,-0.0143487859
2023-09-01 00:00:00+00:00,63.57,0.0169572868
2023-09-05 00:00:00+00:00,63.74,0.0026742174
2023-09-06 00:00:00+00:00,62.8,-0.0147474114
2023-09-07 00:00:00+00:00,61.65,-0.0183121019
2023-09-08 00:00:00+00:00,60.98,-0.0108678021
2023-09-11 00:00:00+00:00,61.93,0.0155788783
2023-09-12 00:00:00+00:00,62.81,0.0142095915
2023-09-13 00:00:00+00:00,62.84,0.0004776310
2023-09-14 00:00:00+00:00,64.44,0.0254614895
2023-09-15 00:00:00+00:00,64.21,-0.0035692117
2023-09-18 00:00:00+00:00,62.94,-0.0197788506
2023-09-19 00:00:00+00:00,62.19,-0.0119161106
2023-09-20 00:00:00+00:00,60.86,-0.0213860749
2023-09-21 00:00:00+00:00,58.62,-0.0368057838
2023-09-22 00:00:00+00:00,57.88,-0.0126236779
2023-09-25 00:00:00+00:00,58.86,0.0169315826
2023-09-26 00:00:00+00:00,58.93,0.0011892627
2023-09-27 00:00:00+00:00,57.34,-0.0269811641
2023-09-28 00:00:00+00:00,58.18,0.0146494594
2023-09-29 00:00:00+00:00,58.46,0.0048126504
2023-10-02 00:00:00+00:00,58.56,0.0017105713
2023-10-03 00:00:00+00:00,57.3,-0.0215163934
2023-10-04 00:00:00+00:00,58.57,0.0221640489
2023-10-05 00:00:00+00:00,57.48,-0.0186102100
2023-10-06 00:00:00+00:00,57.77,0.0050452331
2023-10-09 00:00:00+00:00,57.96,0.0032889043
2023-10-10 00:00:00+00:00,57.72,-0.0041407867
2023-10-11 00:00:00+00:00,58.07,0.0060637561
2023-10-12 00:00:00+00:00,56.355,-0.0295333219
2023-10-13 00:00:00+00:00,55.75,-0.0107355159
2023-10-16 00:00:00+00:00,57.0,0.0224215247
2023-10-17 00:00:00+00:00,57.16,0.0028070175
2023-10-18 00:00:00+00:00,55.8,-0.0237928621
2023-10-19 00:00:00+00:00,54.81,-0.0177419355
2023-10-20 00:00:00+00:00,53.39,-0.0259076811
2023-10-23 00:00:00+00:00,53.45,0.0011238060
2023-10-24 00:00:00+00:00,54.24,0.0147801684
2023-10-25 00:00:00+00:00,51.49,-0.0507005900
2023-10-26 00:00:00+00:00,51.75,0.0050495242
2023-10-27 00:00:00+00:00,50.39,-0.0262801932
2023-10-30 00:00:00+00:00,51.05,0.0130978369
2023-10-31 00:00:00+00:00,51.8,0.0146914789
2023-11-01 00:00:00+00:00,51.66,-0.0027027027
2023-11-02 00:00:00+00:00,55.06,0.0658149439
2023-11-03 00:00:00+00:00,56.1,0.0188884853
2023-11-06 00:00:00+00:00,54.62,-0.0263814617
2023-11-07 00:00:00+00:00,54.63,0.0001830831
2023-11-08 00:00:00+00:00,55.08,0.0082372323
2023-11-09 00:00:00+00:00,54.28,-0.0145243282
2023-11-10 00:00:00+00:00,54.77,0.0090272660
2023-11-13 00:00:00+00:00,54.39,-0.0069381048
2023-11-14 00:00:00+00:00,56.68,0.0421033278
2023-11-15 00:00:00+00:00,58.25,0.0276993649
2023-11-16 00:00:00+00:00,56.82,-0.0245493562
2023-11-17 00:00:00+00:00,56.54,-0.0049278423
2023-11-20 00:00:00+00:00,56.99,0.0079589671
2023-11-21 00:00:00+00:00,55.4,-0.0278996315
2023-11-22 00:00:00+00:00,56.34,0.0169675090
2023-11-24 00:00:00+00:00,55.76,-0.0102946397
2023-11-27 00:00:00+00:00,56.39,0.0112984218
2023-11-28 00:00:00+00:00,58.47,0.0368859727
2023-11-29 00:00:00+00:00,57.97,-0.0085513939
2023-11-30 00:00:00+00:00,57.61,-0.0062101087
2023-12-01 00:00:00+00:00,59.65,0.0354105190
2023-12-04 00:00:00+00:00,59.85,0.0033528919
2023-12-05 00:00:00+00:00,57.92,-0.0322472849
2023-12-06 00:00:00+00:00,59.53,0.0277969613
2023-12-07 00:00:00+00:00,58.48,-0.0176381656
2023-12-08 00:00:00+00:00,58.94,0.0078659371
2023-12-11 00:00:00+00:00,59.04,0.0016966407
2023-12-12 00:00:00+00:00,58.89,-0.0025406504
2023-12-13 00:00:00+00:00,61.73,0.0482255052
2023-12-14 00:00:00+00:00,61.87,0.0022679410
2023-12-15 00:00:00+00:00,61.26,-0.0098593826
2023-12-18 00:00:00+00:00,61.47,0.0034280118
2023-12-19 00:00:00+00:00,63.01,0.0250528713
2023-12-20 00:00:00+00:00,61.74,-0.0201555309
2023-12-21 00:00:00+00:00,62.06,0.0051830256
2023-12-22 00:00:00+00:00,61.84,-0.0035449565
2023-12-26 00:00:00+00:00,62.56,0.0116429495
2023-12-27 00:00:00+00:00,62.68,0.0019181586
2023-12-28 00:00:00+00:00,63.08,0.0063816209
2023-12-29 00:00:00+00:00,61.41,-0.0264743183
2024-01-02 00:00:00+00:00,61.46,0.0008141996
2024-01-03 00:00:00+00:00,58.63,-0.0460462089
2024-01-04 00:00:00+00:00,58.45,-0.0030701006
2024-01-05 00:00:00+00:00,60.12,0.0285714286
2024-01-08 00:00:00+00:00,61.74,0.0269461078
2024-01-09 00:00:00+00:00,61.05,-0.0111758989
2024-01-10 00:00:00+00:00,60.96,-0.0014742015
2024-01-11 00:00:00+00:00,61.35,0.0063976378
2024-01-12 00:00:00+00:00,61.0,-0.0057049715
2024-01-16 00:00:00+00:00,58.45,-0.0418032787
2024-01-17 00:00:00+00:00,59.89,0.0246364414
2024-01-18 00:00:00+00:00,62.09,0.0367340124
2024-01-19 00:00:00+00:00,65.82,0.0600740860
2024-01-22 00:00:00+00:00,63.74,-0.0316013370
2024-01-23 00:00:00+00:00,64.78,0.0163162849
2024-01-24 00:00:00+00:00,63.02,-0.0271688793
2024-01-25 00:00:00+00:00,60.71,-0.0366550301
2024-01-26 00:00:00+00:00,61.78,0.0176247735
2024-01-29 00:00:00+00:00,63.76,0.0320492069
2024-01-30 00:00:00+00:00,63.68,-0.0012547051
2024-01-31 00:00:00+00:00,61.35,-0.0365891960
2024-02-01 00:00:00+00:00,62.02,0.0109209454
2024-02-02 00:00:00+00:00,62.42,0.0064495324
2024-02-05 00:00:00+00:00,61.54,-0.0140980455
2024-02-06 00:00:00+00:00,63.71,0.0352616185
2024-02-07 00:00:00+00:00,63.24,-0.0073771778
2024-02-08 00:00:00+00:00,56.13,-0.1124288425
2024-02-09 00:00:00+00:00,58.91,0.0495278817
2024-02-12 00:00:00+00:00,60.09,0.0200305551
2024-02-13 00:00:00+00:00,58.26,-0.0304543185
2024-02-14 00:00:00+00:00,58.87,0.0104703055
2024-02-15 00:00:00+00:00,59.7,0.0140988619
2024-02-16 00:00:00+00:00,59.14,-0.0093802345
2024-02-20 00:00:00+00:00,58.63,-0.0086236050
2024-02-21 00:00:00+00:00,57.48,-0.0196145318
2024-02-22 00:00:00+00:00,58.35,0.0151356994
2024-02-23 00:00:00+00:00,59.16,0.0138817481
2024-02-26 00:00:00+00:00,59.33,0.0028735632
2024-02-27 00:00:00+00:00,60.16,0.0139895500
2024-02-28 00:00:00+00:00,60.25,0.0014960106
2024-02-29 00:00:00+00:00,60.34,0.0014937759
2024-03-01 00:00:00+00:00,60.54,0.0033145509
2024-03-04 00:00:00+00:00,59.98,-0.0092500826
2024-03-05 00:00:00+00:00,58.27,-0.0285095032
2024-03-06 00:00:00+00:00,58.12,-0.0025742234
2024-03-07 00:00:00+00:00,58.5,0.0065381968
2024-03-08 00:00:00+00:00,59.01,0.0087179487
2024-03-11 00:00:00+00:00,60.08,0.0181325199
2024-03-12 00:00:00+00:00,60.03,-0.0008322237
2024-03-13 00:00:00+00:00,62.45,0.0403131767
2024-03-14 00:00:00+00:00,63.0,0.0088070456
2024-03-15 00:00:00+00:00,62.85,-0.0023809524
2024-03-18 00:00:00+00:00,64.23,0.0219570406
2024-03-19 00:00:00+00:00,63.01,-0.0189942395
2024-03-20 00:00:00+00:00,65.05,0.0323758134
2024-03-21 00:00:00+00:00,66.14,0.0167563413
2024-03-22 00:00:00+00:00,64.77,-0.0207136377
2024-03-25 00:00:00+00:00,66.0,0.0189902733
2024-03-26 00:00:00+00:00,66.67,0.0101515152
2024-03-27 00:00:00+00:00,66.57,-0.0014999250
2024-03-28 00:00:00+00:00,66.99,0.0063091483
2024-04-01 00:00:00+00:00,65.03,-0.0292580982
2024-04-02 00:00:00+00:00,64.66,-0.0056896817
2024-04-03 00:00:00+00:00,65.34,0.0105165481
2024-04-04 00:00:00+00:00,64.54,-0.0122436486
2024-04-05 00:00:00+00:00,65.15,0.0094515029
2024-04-08 00:00:00+00:00,66.34,0.0182655411
2024-04-09 00:00:00+00:00,67.0,0.0099487489
2024-04-10 00:00:00+00:00,65.88,-0.0167164179
2024-04-11 00:00:00+00:00,65.8,-0.0012143291
2024-04-12 00:00:00+00:00,64.59,-0.0183890578
2024-04-15 00:00:00+00:00,63.51,-0.0167208546
2024-04-16 00:00:00+00:00,63.43,-0.0012596442
2024-04-17 00:00:00+00:00,63.26,-0.0026801198
2024-04-18 00:00:00+00:00,62.1,-0.0183370218
2024-04-19 00:00:00+00:00,62.31,0.0033816425
2024-04-22 00:00:00+00:00,63.19,0.0141229337
2024-04-23 00:00:00+00:00,64.43,0.0196233581
2024-04-24 00:00:00+00:00,64.84,0.0063634953
2024-04-25 00:00:00+00:00,64.1,-0.0114127082
2024-04-26 00:00:00+00:00,65.96,0.0290171607
2024-04-29 00:00:00+00:00,66.99,0.0156155246
2024-04-30 00:00:00+00:00,67.92,0.0138826691
2024-05-01 00:00:00+00:00,66.14,-0.0262073027
2024-05-02 00:00:00+00:00,66.98,0.0127003326
2024-05-03 00:00:00+00:00,65.7,-0.0191101821
2024-05-06 00:00:00+00:00,65.61,-0.0013698630
2024-05-07 00:00:00+00:00,65.92,0.0047248895
2024-05-08 00:00:00+00:00,63.81,-0.0320084951
2024-05-09 00:00:00+00:00,64.45,0.0100297759
2024-05-10 00:00:00+00:00,62.93,-0.0235841738
2024-05-13 00:00:00+00:00,63.95,0.0162084856
2024-05-14 00:00:00+00:00,64.58,0.0098514464
2024-05-15 00:00:00+00:00,63.9,-0.0105295757
2024-05-16 00:00:00+00:00,64.1,0.0031298905
2024-05-17 00:00:00+00:00,64.48,0.0059282371
2024-05-20 00:00:00+00:00,64.77,0.0044975186
2024-05-21 00:00:00+00:00,64.1,-0.0103442952
2024-05-22 00:00:00+00:00,62.19,-0.0297971919
2024-05-23 00:00:00+00:00,61.58,-0.0098086509
2024-05-24 00:00:00+00:00,61.64,0.0009743423
2024-05-28 00:00:00+00:00,62.17,0.0085983128
2024-05-29 00:00:00+00:00,61.05,-0.0180151198
2024-05-30 00:00:00+00:00,62.51,0.0239148239
2024-05-31 00:00:00+00:00,62.99,0.0076787714
2024-06-03 00:00:00+00:00,63.46,0.0074615018
2024-06-04 00:00:00+00:00,63.33,-0.0020485345
2024-06-05 00:00:00+00:00,63.53,0.0031580610
2024-06-06 00:00:00+00:00,67.02,0.0549346765
2024-06-07 00:00:00+00:00,67.3,0.0041778574
2024-06-10 00:00:00+00:00,67.09,-0.0031203566
2024-06-11 00:00:00+00:00,64.77,-0.0345804144
2024-06-12 00:00:00+00:00,63.43,-0.0206885904
2024-06-13 00:00:00+00:00,61.54,-0.0297966262
2024-06-14 00:00:00+00:00,60.635,-0.0147058824
2024-06-17 00:00:00+00:00,60.13,-0.0083285231
2024-06-18 00:00:00+00:00,59.12,-0.0167969400
2024-06-20 00:00:00+00:00,59.8,0.0115020298
2024-06-21 00:00:00+00:00,60.61,0.0135451505
2024-06-24 00:00:00+00:00,59.49,-0.0184787989
2024-06-25 00:00:00+00:00,59.33,-0.0026895277
2024-06-26 00:00:00+00:00,58.26,-0.0180347211
2024-06-27 00:00:00+00:00,58.37,0.0018880879
2024-06-28 00:00:00+00:00,58.03,-0.0058249101
2024-07-01 00:00:00+00:00,57.81,-0.0037911425
2024-07-02 00:00:00+00:00,58.97,0.0200657326
2024-07-03 00:00:00+00:00,59.64,0.0113617093
2024-07-05 00:00:00+00:00,59.76,0.0020120724
2024-07-08 00:00:00+00:00,59.09,-0.0112115127
2024-07-09 00:00:00+00:00,59.0,-0.0015231004
2024-07-10 00:00:00+00:00,58.9,-0.0016949153
2024-07-11 00:00:00+00:00,59.99,0.0185059423
2024-07-12 00:00:00+00:00,60.27,0.0046674446
2024-07-15 00:00:00+00:00,60.47,0.0033184005
2024-07-16 00:00:00+00:00,61.81,0.0221597486
2024-07-17 00:00:00+00:00,61.24,-0.0092218088
2024-07-18 00:00:00+00:00,60.0,-0.0202482038
2024-07-19 00:00:00+00:00,59.33,-0.0111666667
2024-07-22 00:00:00+00:00,60.77,0.0242710265
2024-07-23 00:00:00+00:00,59.71,-0.0174428172
2024-07-24 00:00:00+00:00,58.07,-0.0274660861
2024-07-25 00:00:00+00:00,57.22,-0.0146375065
2024-07-26 00:00:00+00:00,58.29,0.0186997553
2024-07-29 00:00:00+00:00,58.94,0.0111511408
2024-07-30 00:00:00+00:00,64.0,0.0858500170
2024-07-31 00:00:00+00:00,65.78,0.0278125000
2024-08-01 00:00:00+00:00,65.31,-0.0071450289
2024-08-02 00:00:00+00:00,61.98,-0.0509875976
2024-08-05 00:00:00+00:00,60.46,-0.0245240400
2024-08-06 00:00:00+00:00,62.75,0.0378762818
2024-08-07 00:00:00+00:00,62.74,-0.0001593625
2024-08-08 00:00:00+00:00,64.28,0.0245457443
2024-08-09 00:00:00+00:00,64.72,0.0068450529
2024-08-12 00:00:00+00:00,63.46,-0.0194684796
2024-08-13 00:00:00+00:00,65.11,0.0260006303
2024-08-14 00:00:00+00:00,66.14,0.0158193826
2024-08-15 00:00:00+00:00,67.94,0.0272149985
2024-08-16 00:00:00+00:00,67.96,0.0002943774
2024-08-19 00:00:00+00:00,69.43,0.0216303708
2024-08-20 00:00:00+00:00,71.89,0.0354313697
2024-08-21 00:00:00+00:00,71.46,-0.0059813604
2024-08-22 00:00:00+00:00,71.52,0.0008396306
2024-08-23 00:00:00+00:00,71.7,0.0025167785
2024-08-26 00:00:00+00:00,72.04,0.0047419805
2024-08-27 00:00:00+00:00,71.59,-0.0062465297
2024-08-28 00:00:00+00:00,70.43,-0.0162033804
2024-08-29 00:00:00+00:00,73.16,0.0387618912
2024-08-30 00:00:00+00:00,72.43,-0.0099781301
2024-09-03 00:00:00+00:00,72.0,-0.0059367665
2024-09-04 00:00:00+00:00,72.61,0.0084722222
2024-09-05 00:00:00+00:00,72.03,-0.0079878805
2024-09-06 00:00:00+00:00,68.89,-0.0435929474
2024-09-09 00:00:00+00:00,69.35,0.0066773117
2024-09-10 00:00:00+00:00,68.85,-0.0072098053
2024-09-11 00:00:00+00:00,69.35,0.0072621641
2024-09-12 00:00:00+00:00,70.36,0.0145638068
2024-09-13 00:00:00+00:00,70.1,-0.0036952814
2024-09-16 00:00:00+00:00,71.07,0.0138373752
2024-09-17 00:00:00+00:00,71.77,0.0098494442
2024-09-18 00:00:00+00:00,73.12,0.0188100878
2024-09-19 00:00:00+00:00,77.57,0.0608588621
2024-09-20 00:00:00+00:00,76.76,-0.0104421813
2024-09-23 00:00:00+00:00,77.67,0.0118551329
2024-09-24 00:00:00+00:00,78.34,0.0086262392
2024-09-25 00:00:00+00:00,77.36,-0.0125095737
2024-09-26 00:00:00+00:00,80.08,0.0351602896
2024-09-27 00:00:00+00:00,77.88,-0.0274725275
2024-09-30 00:00:00+00:00,78.03,0.0019260401
2024-10-01 00:00:00+00:00,77.47,-0.0071767269
2024-10-02 00:00:00+00:00,77.44,-0.0003872467
2024-10-03 00:00:00+00:00,77.31,-0.0016787190
2024-10-04 00:00:00+00:00,79.36,0.0265166214
2024-10-07 00:00:00+00:00,80.26,0.0113407258
2024-10-08 00:00:00+00:00,81.16,0.0112135559
2024-10-09 00:00:00+00:00,81.65,0.0060374569
2024-10-10 00:00:00+00:00,78.98,-0.0327005511
2024-10-11 00:00:00+00:00,80.51,0.0193719929
2024-10-14 00:00:00+00:00,80.67,0.0019873308
2024-10-15 00:00:00+00:00,79.55,-0.0138837238
2024-10-16 00:00:00+00:00,80.82,0.0159648020
2024-10-17 00:00:00+00:00,79.82,-0.0123731750
2024-10-18 00:00:00+00:00,80.94,0.0140315710
2024-10-21 00:00:00+00:00,80.56,-0.0046948357
2024-10-22 00:00:00+00:00,80.91,0.0043445879
2024-10-23 00:00:00+00:00,80.83,-0.0009887529
2024-10-24 00:00:00+00:00,81.39,0.0069281207
2024-10-25 00:00:00+00:00,81.7,0.0038088217
2024-10-28 00:00:00+00:00,83.59,0.0231334149
2024-10-29 00:00:00+00:00,80.28,-0.0395980380
2024-10-30 00:00:00+00:00,78.22,-0.0256601893
2024-10-31 00:00:00+00:00,79.3,0.0138072104
2024-11-01 00:00:00+00:00,77.25,-0.0258511980
2024-11-04 00:00:00+00:00,78.13,0.0113915858
2024-11-05 00:00:00+00:00,79.25,0.0143350826
2024-11-06 00:00:00+00:00,81.41,0.0272555205
2024-11-07 00:00:00+00:00,81.35,-0.0007370102
2024-11-08 00:00:00+00:00,83.01,0.0204056546
2024-11-11 00:00:00+00:00,86.94,0.0473436935
2024-11-12 00:00:00+00:00,86.4,-0.0062111801
2024-11-13 00:00:00+00:00,87.31,0.0105324074
2024-11-14 00:00:00+00:00,85.79,-0.0174092315
2024-11-15 00:00:00+00:00,85.83,0.0004662548
2024-11-18 00:00:00+00:00,84.67,-0.0135150880
2024-11-19 00:00:00+00:00,84.09,-0.0068501240
2024-11-20 00:00:00+00:00,84.74,0.0077298133
2024-11-21 00:00:00+00:00,84.82,0.0009440642
2024-11-22 00:00:00+00:00,86.77,0.0229898609
2024-11-25 00:00:00+00:00,87.77,0.0115247205
2024-11-26 00:00:00+00:00,86.94,-0.0094565341
2024-11-27 00:00:00+00:00,86.57,-0.0042558086
2024-11-29 00:00:00+00:00,86.77,0.0023102691
2024-12-02 00:00:00+00:00,86.53,-0.0027659329
2024-12-03 00:00:00+00:00,85.14,-0.0160637929
2024-12-04 00:00:00+00:00,89.33,0.0492130608
2024-12-05 00:00:00+00:00,89.045,-0.0031904176
2024-12-06 00:00:00+00:00,89.88,0.0093772811
2024-12-09 00:00:00+00:00,90.0,0.0013351135
2024-12-10 00:00:00+00:00,88.76,-0.0137777778
2024-12-11 00:00:00+00:00,90.75,0.0224200090
2024-12-12 00:00:00+00:00,89.4,-0.0148760331
2024-12-13 00:00:00+00:00,91.02,0.0181208054
2024-12-16 00:00:00+00:00,91.3,0.0030762470
2024-12-17 00:00:00+00:00,90.86,-0.0048192771
2024-12-18 00:00:00+00:00,85.45,-0.0595421528
2024-12-19 00:00:00+00:00,86.78,0.0155646577
2024-12-20 00:00:00+00:00,87.13,0.0040331874
2024-12-23 00:00:00+00:00,86.9,-0.0026397337
2024-12-24 00:00:00+00:00,88.25,0.0155350978
2024-12-26 00:00:00+00:00,88.14,-0.0012464589
2024-12-27 00:00:00+00:00,86.86,-0.0145223508
2024-12-30 00:00:00+00:00,85.43,-0.0164632742
2024-12-31 00:00:00+00:00,85.35,-0.0009364392
2025-01-02 00:00:00+00:00,86.18,0.0097246632
2025-01-03 00:00:00+00:00,87.6,0.0164771409
2025-01-06 00:00:00+00:00,89.53,0.0220319635
2025-01-07 00:00:00+00:00,87.97,-0.0174243270
2025-01-08 00:00:00+00:00,87.94,-0.0003410253
2025-01-10 00:00:00+00:00,83.36,-0.0520809643
2025-01-13 00:00:00+00:00,83.99,0.0075575816
2025-01-14 00:00:00+00:00,87.18,0.0379807120
2025-01-15 00:00:00+00:00,89.64,0.0282174811
2025-01-16 00:00:00+00:00,88.92,-0.0080321285
2025-01-17 00:00:00+00:00,91.81,0.0325011246
2025-01-21 00:00:00+00:00,89.77,-0.0222198018
2025-01-22 00:00:00+00:00,89.85,0.0008911663
2025-01-23 00:00:00+00:00,89.73,-0.0013355593
2025-01-24 00:00:00+00:00,89.11,-0.0069096177
2025-01-27 00:00:00+00:00,90.24,0.0126809561
2025-01-28 00:00:00+00:00,88.19,-0.0227171986
2025-01-29 00:00:00+00:00,88.76,0.0064633178
2025-01-30 00:00:00+00:00,89.57,0.0091257323
2025-01-31 00:00:00+00:00,88.58,-0.0110528079
2025-02-03 00:00:00+00:00,89.51,0.0104989840
2025-02-04 00:00:00+00:00,77.725,-0.1316612669
2025-02-05 00:00:00+00:00,79.2,0.0189771631
2025-02-06 00:00:00+00:00,78.57,-0.0079545455
2025-02-07 00:00:00+00:00,77.31,-0.0160366552
2025-02-10 00:00:00+00:00,78.24,0.0120294917
2025-02-11 00:00:00+00:00,76.21,-0.0259458078
2025-02-12 00:00:00+00:00,76.27,0.0007872983
2025-02-13 00:00:00+00:00,76.59,0.0041956208
2025-02-14 00:00:00+00:00,77.97,0.0180180180
2025-02-18 00:00:00+00:00,78.62,0.0083365397
2025-02-19 00:00:00+00:00,78.36,-0.0033070466
2025-02-20 00:00:00+00:00,77.63,-0.0093159775
2025-02-21 00:00:00+00:00,74.95,-0.0345227361
2025-02-24 00:00:00+00:00,75.25,0.0040026684
2025-02-25 00:00:00+00:00,74.07,-0.0156810631
2025-02-26 00:00:00+00:00,72.05,-0.0272714999
2025-02-27 00:00:00+00:00,70.73,-0.0183206107
2025-02-28 00:00:00+00:00,71.05,0.0045242471
2025-03-03 00:00:00+00:00,69.75,-0.0182969740
2025-03-04 00:00:00+00:00,67.48,-0.0325448029
2025-03-05 00:00:00+00:00,69.5,0.0299347955
2025-03-06 00:00:00+00:00,68.08,-0.0204316547
2025-03-07 00:00:00+00:00,70.48,0.0352526439
2025-03-10 00:00:00+00:00,68.16,-0.0329171396
2025-03-11 00:00:00+00:00,67.98,-0.0026408451
2025-03-12 00:00:00+00:00,68.62,0.0094145337
2025-03-13 00:00:00+00:00,66.91,-0.0249198484
2025-03-14 00:00:00+00:00,68.95,0.0304887162
2025-03-17 00:00:00+00:00,69.65,0.0101522843
2025-03-18 00:00:00+00:00,68.88,-0.0110552764
2025-03-19 00:00:00+00:00,70.0,0.0162601626
2025-03-20 00:00:00+00:00,69.67,-0.0047142857
2025-03-21 00:00:00+00:00,70.19,0.0074637577
2025-03-24 00:00:00+00:00,70.97,0.0111126941
2025-03-25 00:00:00+00:00,70.86,-0.0015499507
2025-03-26 00:00:00+00:00,69.97,-0.0125599774
2025-03-27 00:00:00+00:00,68.86,-0.0158639417
2025-03-28 00:00:00+00:00,65.15,-0.0538774325
2025-03-31 00:00:00+00:00,65.25,0.0015349194
2025-04-01 00:00:00+00:00,66.1,0.0130268199
2025-04-02 00:00:00+00:00,67.15,0.0158850227
2025-04-03 00:00:00+00:00,61.71,-0.0810126582
2025-04-04 00:00:00+00:00,58.37,-0.0541241290
2025-04-07 00:00:00+00:00,58.53,0.0027411341
2025-04-08 00:00:00+00:00,57.41,-0.0191354861
2025-04-09 00:00:00+00:00,63.95,0.1139174360
2025-04-10 00:00:00+00:00,60.56,-0.0530101642
2025-04-11 00:00:00+00:00,62.59,0.0335204756
2025-04-14 00:00:00+00:00,62.27,-0.0051126378
2025-04-15 00:00:00+00:00,62.0,-0.0043359563
2025-04-16 00:00:00+00:00,60.24,-0.0283870968
2025-04-17 00:00:00+00:00,61.0,0.0126162019
2025-04-21 00:00:00+00:00,60.285,-0.0117213115
2025-04-22 00:00:00+00:00,61.42,0.0188272373
2025-04-23 00:00:00+00:00,62.46,0.0169325952
2025-04-24 00:00:00+00:00,64.77,0.0369836695
2025-04-25 00:00:00+00:00,65.34,0.0088003705
2025-04-28 00:00:00+00:00,64.93,-0.0062748699
2025-04-29 00:00:00+00:00,66.32,0.0214076698
2025-04-30 00:00:00+00:00,65.84,-0.0072376357
2025-05-01 00:00:00+00:00,65.41,-0.0065309842
2025-05-02 00:00:00+00:00,67.24,0.0279773735
2025-05-05 00:00:00+00:00,68.54,0.0193337299
2025-05-06 00:00:00+00:00,68.05,-0.0071491100
2025-05-07 00:00:00+00:00,68.69,0.0094048494
2025-05-08 00:00:00+00:00,70.48,0.0260591061
2025-05-09 00:00:00+00:00,70.26,-0.0031214529
2025-05-12 00:00:00+00:00,72.31,0.0291773413
2025-05-13 00:00:00+00:00,72.29,-0.0002765869
2025-05-14 00:00:00+00:00,72.68,0.0053949371
2025-05-15 00:00:00+00:00,71.57,-0.0152724271
2025-05-16 00:00:00+00:00,72.18,0.0085231242
2025-05-19 00:00:00+00:00,72.32,0.0019395955
2025-05-20 00:00:00+00:00,72.61,0.0040099558
2025-05-21 00:00:00+00:00,71.65,-0.0132213194
2025-05-22 00:00:00+00:00,71.45,-0.0027913468
2025-05-23 00:00:00+00:00,69.85,-0.0223932820
2025-05-27 00:00:00+00:00,71.48,0.0233357194
2025-05-28 00:00:00+00:00,71.44,-0.0005595971
2025-05-29 00:00:00+00:00,70.93,-0.0071388578
2025-05-30 00:00:00+00:00,70.28,-0.0091639645
2025-06-02 00:00:00+00:00,70.93,0.0092487194
2025-06-03 00:00:00+00:00,71.33,0.0056393628
2025-06-04 00:00:00+00:00,72.8,0.0206084396
2025-06-05 00:00:00+00:00,72.47,-0.0045329670
2025-06-06 00:00:00+00:00,73.43,0.0132468608
2025-06-09 00:00:00+00:00,73.55,0.0016342095
2025-06-10 00:00:00+00:00,74.76,0.0164513936
2025-06-11 00:00:00+00:00,74.61,-0.0020064205
2025-06-12 00:00:00+00:00,74.81,0.0026806058
2025-06-13 00:00:00+00:00,70.83,-0.0532014437
2025-06-16 00:00:00+00:00,72.26,0.0201891854
2025-06-17 00:00:00+00:00,70.67,-0.0220038749
2025-06-18 00:00:00+00:00,68.57,-0.0297155795
2025-06-20 00:00:00+00:00,70.05,0.0215837830
2025-06-23 00:00:00+00:00,72.01,0.0279800143
2025-06-24 00:00:00+00:00,73.58,0.0218025274
2025-06-25 00:00:00+00:00,73.07,-0.0069312313
2025-06-26 00:00:00+00:00,73.17,0.0013685507
2025-06-27 00:00:00+00:00,73.64,0.0064233976
2025-06-30 00:00:00+00:00,74.32,0.0092341119
2025-07-01 00:00:00+00:00,75.29,0.0130516685
2025-07-02 00:00:00+00:00,76.31,0.0135476159
2025-07-03 00:00:00+00:00,76.59,0.0036692439
2025-07-07 00:00:00+00:00,76.18,-0.0053531793
2025-07-08 00:00:00+00:00,75.03,-0.0150958257
2025-07-09 00:00:00+00:00,74.83,-0.0026656004
2025-07-10 00:00:00+00:00,75.7,0.0116263531
2025-07-11 00:00:00+00:00,71.36,-0.0573315720
2025-07-14 00:00:00+00:00,73.89,0.0354540359
2025-07-15 00:00:00+00:00,72.96,-0.0125862769
2025-07-16 00:00:00+00:00,72.97,0.0001370614
2025-07-17 00:00:00+00:00,73.86,0.0121967932
2025-07-18 00:00:00+00:00,74.17,0.0041971297
2025-07-21 00:00:00+00:00,74.82,0.0087636511
2025-07-22 00:00:00+00:00,76.0,0.0157711842
2025-07-23 00:00:00+00:00,76.66,0.0086842105
2025-07-24 00:00:00+00:00,77.82,0.0151317506
2025-07-25 00:00:00+00:00,77.98,0.0020560267
2025-07-28 00:00:00+00:00,78.22,0.0030777122
2025-07-29 00:00:00+00:00,71.45,-0.0865507543
2025-07-30 00:00:00+00:00,69.71,-0.0243526942
2025-07-31 00:00:00+00:00,68.76,-0.0136278870
2025-08-01 00:00:00+00:00,67.11,-0.0239965096
2025-08-04 00:00:00+00:00,68.01,0.0134108181
2025-08-05 00:00:00+00:00,67.83,-0.0026466696
2025-08-06 00:00:00+00:00,69.42,0.0234409553
2025-08-07 00:00:00+00:00,68.22,-0.0172860847
2025-08-08 00:00:00+00:00,67.65,-0.0083553210
2025-08-11 00:00:00+00:00,67.08,-0.0084257206
2025-08-12 00:00:00+00:00,67.97,0.0132677400
2025-08-13 00:00:00+00:00,70.63,0.0391349125
2025-08-14 00:00:00+00:00,69.38,-0.0176978621
2025-08-15 00:00:00+00:00,69.23,-0.0021620063
2025-08-18 00:00:00+00:00,69.53,0.0043333815
2025-08-19 00:00:00+00:00,69.05,-0.0069034949
2025-08-20 00:00:00+00:00,68.08,-0.0140477915
2025-08-21 00:00:00+00:00,67.55,-0.0077849589
2025-08-22 00:00:00+00:00,69.9,0.0347890452
2025-08-25 00:00:00+00:00,69.48,-0.0060085837
2025-08-26 00:00:00+00:00,70.18,0.0100748417
2025-08-27 00:00:00+00:00,69.65,-0.0075520091
2025-08-28 00:00:00+00:00,70.06,0.0058865757
2025-08-29 00:00:00+00:00,70.19,0.0018555524
2025-09-02 00:00:00+00:00,69.25,-0.0133922211
2025-09-03 00:00:00+00:00,69.64,0.0056317690
2025-09-04 00:00:00+00:00,68.46,-0.0169442849
2025-09-05 00:00:00+00:00,68.26,-0.0029214140
2025-09-08 00:00:00+00:00,68.4,0.0020509815
2025-09-09 00:00:00+00:00,67.68,-0.0105263158
2025-09-10 00:00:00+00:00,65.64,-0.0301418440
2025-09-11 00:00:00+00:00,67.27,0.0248324193
2025-09-12 00:00:00+00:00,66.89,-0.0056488777
2025-09-15 00:00:00+00:00,67.11,0.0032889819
2025-09-16 00:00:00+00:00,66.85,-0.0038742363
2025-09-17 00:00:00+00:00,68.62,0.0264771877
2025-09-18 00:00:00+00:00,68.52,-0.0014573011
2025-09-19 00:00:00+00:00,68.22,-0.0043782837
2025-09-22 00:00:00+00:00,67.68,-0.0079155673
2025-09-23 00:00:00+00:00,67.31,-0.0054669031
2025-09-24 00:00:00+00:00,67.86,0.0081711484
2025-09-25 00:00:00+00:00,66.74,-0.0165045682
2025-09-26 00:00:00+00:00,67.3,0.0083907702
2025-09-29 00:00:00+00:00,69.68,0.0353640416
2025-09-30 00:00:00+00:00,67.06,-0.0376004592
2025-10-01 00:00:00+00:00,66.66,-0.0059648076
2025-10-02 00:00:00+00:00,68.93,0.0340534053
2025-10-03 00:00:00+00:00,69.25,0.0046423908
2025-10-06 00:00:00+00:00,71.29,0.0294584838
2025-10-07 00:00:00+00:00,74.61,0.0465703465
2025-10-08 00:00:00+00:00,76.13,0.0203726042
2025-10-09 00:00:00+00:00,75.75,-0.0049914620
2025-10-10 00:00:00+00:00,69.84,-0.0780198020
2025-10-13 00:00:00+00:00,68.86,-0.0140320733
2025-10-14 00:00:00+00:00,69.15,0.0042114435
2025-10-15 00:00:00+00:00,67.98,-0.0169197397
2025-10-16 00:00:00+00:00,66.05,-0.0283907031
2025-10-17 00:00:00+00:00,67.41,0.0205904618
2025-10-20 00:00:00+00:00,69.2,0.0265539238
2025-10-21 00:00:00+00:00,70.05,0.0122832370
2025-10-22 00:00:00+00:00,68.07,-0.0282655246
2025-10-23 00:00:00+00:00,69.66,0.0233583076
2025-10-24 00:00:00+00:00,69.77,0.0015790985
2025-10-27 00:00:00+00:00,70.25,0.0068797477
2025-10-28 00:00:00+00:00,73.02,0.0394306050
2025-10-29 00:00:00+00:00,69.68,-0.0457408929
2025-10-30 00:00:00+00:00,67.93,-0.0251148106
2025-10-31 00:00:00+00:00,69.27,0.0197261887
2025-11-03 00:00:00+00:00,68.34,-0.0134257254
2025-11-04 00:00:00+00:00,66.08,-0.0330699444
2025-11-05 00:00:00+00:00,68.06,0.0299636804
2025-11-06 00:00:00+00:00,66.26,-0.0264472524
2025-11-07 00:00:00+00:00,66.22,-0.0006036825
2025-11-10 00:00:00+00:00,66.25,0.0004530353
2025-11-11 00:00:00+00:00,67.4,0.0173584906
2025-11-12 00:00:00+00:00,67.2,-0.0029673591
2025-11-13 00:00:00+00:00,65.33,-0.0278273810
2025-11-14 00:00:00+00:00,62.81,-0.0385733966
2025-11-17 00:00:00+00:00,61.89,-0.0146473491
2025-11-18 00:00:00+00:00,60.7,-0.0192276620
2025-11-19 00:00:00+00:00,60.11,-0.0097199341
2025-11-20 00:00:00+00:00,58.105,-0.0333555149
2025-11-21 00:00:00+00:00,60.57,0.0424231994
2025-11-24 00:00:00+00:00,60.56,-0.0001650982
2025-11-25 00:00:00+00:00,61.22,0.0108982827
2025-11-26 00:00:00+00:00,61.83,0.0099640640
2025-11-28 00:00:00+00:00,62.69,0.0139091056
2025-12-01 00:00:00+00:00,62.58,-0.0017546658
2025-12-02 00:00:00+00:00,62.9,0.0051134548
2025-12-03 00:00:00+00:00,61.24,-0.0263910970
2025-12-04 00:00:00+00:00,61.73,0.0080013063
2025-12-05 00:00:00+00:00,62.28,0.0089097683
2025-12-08 00:00:00+00:00,61.12,-0.0186255620
2025-12-09 00:00:00+00:00,60.78,-0.0055628272
2025-12-10 00:00:00+00:00,61.16,0.0062520566
2025-12-11 00:00:00+00:00,61.69,0.0086657946
2025-12-12 00:00:00+00:00,61.66,-0.0004863025
2025-12-15 00:00:00+00:00,60.74,-0.0149205319
2025-12-16 00:00:00+00:00,61.33,0.0097135331
2025-12-17 00:00:00+00:00,60.18,-0.0187510191
2025-12-18 00:00:00+00:00,59.44,-0.0122964440
2025-12-19 00:00:00+00:00,59.81,0.0062247645
2025-12-22 00:00:00+00:00,59.86,0.0008359806
2025-12-23 00:00:00+00:00,59.41,-0.0075175409
2025-12-24 00:00:00+00:00,60.04,0.0106042754
2025-12-26 00:00:00+00:00,59.97,-0.0011658894
2025-12-29 00:00:00+00:00,59.49,-0.0080040020
2025-12-30 00:00:00+00:00,59.1,-0.0065557237
2025-12-31 00:00:00+00:00,58.38,-0.0121827411
2026-01-02 00:00:00+00:00,58.14,-0.0041109969
2026-01-05 00:00:00+00:00,59.29,0.0197798418
2026-01-06 00:00:00+00:00,59.81,0.0087704503
2026-01-07 00:00:00+00:00,58.51,-0.0217354957
2026-01-08 00:00:00+00:00,58.27,-0.0041018629
2026-01-09 00:00:00+00:00,57.66,-0.0104685087
2026-01-12 00:00:00+00:00,57.29,-0.0064169268
2026-01-13 00:00:00+00:00,56.56,-0.0127421889
2026-01-14 00:00:00+00:00,57.66,0.0194483734
2026-01-15 00:00:00+00:00,56.74,-0.0159556018
2026-01-16 00:00:00+00:00,56.89,0.0026436376
2026-01-20 00:00:00+00:00,55.08,-0.0318157848
2026-01-21 00:00:00+00:00,55.89,0.0147058824
2026-01-22 00:00:00+00:00,57.15,0.0225442834
2026-01-23 00:00:00+00:00,56.62,-0.0092738408
2026-01-26 00:00:00+00:00,56.6,-0.0003532321
2026-01-27 00:00:00+00:00,55.51,-0.0192579505
2026-01-28 00:00:00+00:00,54.08,-0.0257611241
2026-01-29 00:00:00+00:00,53.11,-0.0179363905
2026-01-30 00:00:00+00:00,52.69,-0.0079081152
2026-02-02 00:00:00+00:00,52.33,-0.0068324160
2026-02-03 00:00:00+00:00,41.7,-0.2031339576
2026-02-04 00:00:00+00:00,41.03,-0.0160671463
2026-02-05 00:00:00+00:00,39.9,-0.0275408238
2026-02-06 00:00:00+00:00,40.42,0.0130325815
2026-02-09 00:00:00+00:00,41.15,0.0180603662
2026-02-10 00:00:00+00:00,41.49,0.0082624544
2026-02-11 00:00:00+00:00,40.46,-0.0248252591
2026-02-12 00:00:00+00:00,39.08,-0.0341077608
2026-02-13 00:00:00+00:00,40.29,0.0309621290
2026-02-17 00:00:00+00:00,40.81,0.0129064284
2026-02-18 00:00:00+00:00,41.45,0.0156824308
2026-02-19 00:00:00+00:00,41.73,0.0067551267
2026-02-20 00:00:00+00:00,41.65,-0.0019170860
2026-02-23 00:00:00+00:00,44.05,0.0576230492
2026-02-24 00:00:00+00:00,47.02,0.0674233825
2026-02-25 00:00:00+00:00,47.32,0.0063802637
2026-02-26 00:00:00+00:00,45.53,-0.0378275571
2026-02-27 00:00:00+00:00,46.21,0.0149352076
2026-03-02 00:00:00+00:00,45.63,-0.0125513958
2026-03-03 00:00:00+00:00,46.38,0.0164365549
2026-03-04 00:00:00+00:00,46.75,0.0079775765
2026-03-05 00:00:00+00:00,47.64,0.0190374332
2026-03-06 00:00:00+00:00,46.97,-0.0140638119
2026-03-09 00:00:00+00:00,46.16,-0.0172450500
2026-03-10 00:00:00+00:00,45.02,-0.0246967071
2026-03-11 00:00:00+00:00,45.57,0.0122167925
2026-03-12 00:00:00+00:00,44.36,-0.0265525565
2026-03-13 00:00:00+00:00,44.9,0.0121731289
2026-03-16 00:00:00+00:00,45.42,0.0115812918
2026-03-17 00:00:00+00:00,46.13,0.0156318802
2026-03-18 00:00:00+00:00,44.59,-0.0333839150
2026-03-19 00:00:00+00:00,44.19,-0.0089706212
2026-03-20 00:00:00+00:00,44.01,-0.0040733198
2026-03-23 00:00:00+00:00,45.49,0.0336287207
2026-03-24 00:00:00+00:00,44.21,-0.0281380523
2026-03-25 00:00:00+00:00,44.85,0.0144763628
2026-03-26 00:00:00+00:00,45.2,0.0078037904
2026-03-27 00:00:00+00:00,43.59,-0.0356194690
2026-03-30 00:00:00+00:00,44.67,0.0247763248
2026-03-31 00:00:00+00:00,45.23,0.0125363779
2026-04-01 00:00:00+00:00,44.63,-0.0132655317
2026-04-02 00:00:00+00:00,45.34,0.0159085817
2026-04-06 00:00:00+00:00,45.48,0.0030877812
2026-04-07 00:00:00+00:00,44.87,-0.0134124890
2026-04-08 00:00:00+00:00,45.85,0.0218408736
2026-04-09 00:00:00+00:00,45.98,0.0028353326
2026-04-10 00:00:00+00:00,45.24,-0.0160939539
2026-04-13 00:00:00+00:00,47.51,0.0501768347
2026-04-14 00:00:00+00:00,47.97,0.0096821722
2026-04-15 00:00:00+00:00,49.57,0.0333541797
2026-04-16 00:00:00+00:00,49.81,0.0048416381
2026-04-17 00:00:00+00:00,50.81,0.0200762899
2026-04-20 00:00:00+00:00,51.46,0.0127927573
2026-04-21 00:00:00+00:00,50.88,-0.0112708900
2026-04-22 00:00:00+00:00,51.22,0.0066823899
2026-04-23 00:00:00+00:00,49.75,-0.0286997267
2026-04-24 00:00:00+00:00,50.48,0.0146733668
2026-04-27 00:00:00+00:00,49.77,-0.0140649762
2026-04-28 00:00:00+00:00,49.64,-0.0026120153
2026-04-29 00:00:00+00:00,50.94,0.0261885576
2026-04-30 00:00:00+00:00,50.14,-0.0157047507
2026-05-01 00:00:00+00:00,50.44,0.0059832469
2026-05-04 00:00:00+00:00,50.39,-0.0009912768
2026-05-05 00:00:00+00:00,46.49,-0.0773963088
2026-05-06 00:00:00+00:00,46.27,-0.0047322005
2026-05-07 00:00:00+00:00,46.22,-0.0010806138
2026-05-08 00:00:00+00:00,45.37,-0.0183903072
2026-05-11 00:00:00+00:00,45.07,-0.0066122989
2026-05-12 00:00:00+00:00,45.44,0.0082094520
2026-05-13 00:00:00+00:00,45.23,-0.0046214789
2026-05-14 00:00:00+00:00,45.04,-0.0042007517
2026-05-15 00:00:00+00:00,44.41,-0.0139875666
2026-05-18 00:00:00+00:00,44.385,-0.0005629363
2026-05-19 00:00:00+00:00,43.83,-0.0125042244
2026-05-20 00:00:00+00:00,44.375,0.0124344057
2026-05-21 00:00:00+00:00,44.3,-0.0016901408
2026-05-22 00:00:00+00:00,44.23,-0.0015801354
2026-05-26 00:00:00+00:00,44.16,-0.0015826362
2026-05-27 00:00:00+00:00,43.76,-0.0090579710
2026-05-28 00:00:00+00:00,44.46,0.0159963437
2026-05-29 00:00:00+00:00,44.75,0.0065227170
2026-06-01 00:00:00+00:00,45.19,0.0098324022
2026-06-02 00:00:00+00:00,44.53,-0.0146050011
2026-06-03 00:00:00+00:00,42.61,-0.0431169998
2026-06-04 00:00:00+00:00,42.75,0.0032856137
2026-06-05 00:00:00+00:00,41.29,-0.0341520468
2026-06-08 00:00:00+00:00,41.26,-0.0007265682
2026-06-09 00:00:00+00:00,41.46,0.0048473097
2026-06-10 00:00:00+00:00,40.7,-0.0183309214
2026-06-11 00:00:00+00:00,41.24,0.0132678133
2026-06-12 00:00:00+00:00,41.53,0.0070320078
2026-06-15 00:00:00+00:00,42.49,0.0231158199
2026-06-16 00:00:00+00:00,43.65,0.0273005413
2026-06-17 00:00:00+00:00,42.08,-0.0359679267
2026-06-18 00:00:00+00:00,42.51,0.0102186312
2026-06-22 00:00:00+00:00,42.34,-0.0039990590
2026-06-23 00:00:00+00:00,41.7,-0.0151157298
2026-06-24 00:00:00+00:00,42.48,0.0187050360
2026-06-25 00:00:00+00:00,42.38,-0.0023540490
2026-06-26 00:00:00+00:00,44.29,0.0450684285
2026-06-29 00:00:00+00:00,44.38,0.0020320614
2026-06-30 00:00:00+00:00,43.18,-0.0270392068
2026-07-01 00:00:00+00:00,44.07,0.0206113942
2026-07-02 00:00:00+00:00,45.47,0.0317676424
2026-07-06 00:00:00+00:00,45.09,-0.0083571586
2026-07-07 00:00:00+00:00,45.65,0.0124196052
2026-07-08 00:00:00+00:00,44.53,-0.0245345016
2026-07-09 00:00:00+00:00,45.32,0.0177408489
2026-07-10 00:00:00+00:00,46.32,0.0220653133
2026-07-13 00:00:00+00:00,47.65,0.0287132988
2026-07-14 00:00:00+00:00,47.37,-0.0058761805
2026-07-15 00:00:00+00:00,55.52,0.1720498206
2026-07-16 00:00:00+00:00,56.73,0.0217939481
2026-07-17 00:00:00+00:00,56.56,-0.0029966508
2026-07-20 00:00:00+00:00,56.82,0.0045968883
2026-07-21 00:00:00+00:00,55.85,-0.0170714537
2026-07-22 00:00:00+00:00,55.51,-0.0060877350
2026-07-23 00:00:00+00:00,56.0,0.0088272383
2026-07-24 00:00:00+00:00,56.15,0.0026785714
2026-07-27 00:00:00+00:00,56.07,-0.0014247551
2026-07-28 00:00:00+00:00,58.32,0.0401284109
2026-07-29 00:00:00+00:00,58.35,0.0005144033
2026-07-30 00:00:00+00:00,57.65,-0.0119965724
2026-07-31 00:00:00+00:00,57.21,-0.0076322637
2026-08-03 00:00:00+00:00,57.87,0.0115364447
2026-08-04 00:00:00+00:00,58.54,0.0115776741
2026-08-05 00:00:00+00:00,57.93,-0.0104202255
2026-08-06 00:00:00+00:00,59.78,0.0319350941
2026-08-07 00:00:00+00:00,59.07,-0.0118768819
2026-08-10 00:00:00+00:00,59.07,0.0000000000
2026-08-11 00:00:00+00:00,59.0,-0.0011850347
2026-08-12 00:00:00+00:00,59.2,0.0033898305
2026-08-13 00:00:00+00:00,60.59,0.0234797297
2026-08-14 00:00:00+00:00,61.66,0.0176596798
2026-08-17 00:00:00+00:00,60.47,-0.0192993837
2026-08-18 00:00:00+00:00,60.43,-0.0006614850
2026-08-19 00:00:00+00:00,61.25,0.0135694192
2026-08-20 00:00:00+00:00,62.3,0.0171428571
2026-08-21 00:00:00+00:00,61.55,-0.0120385233
